ligand,receptor
CDH1,ITGA2_ITGB1
CDH1,ITGAE_ITGB7
CDH1,KLRG1
CDH2,CDH2
CDH2,FCER2
CDH3,CDH3
CDH5,CDH5
CDH6,CDH6
CDH7,CDH7
CADM1,CADM1
CADM1,NECTIN3
CADM3,CADM1
CADM3,CADM4
CADM3,EPB41L1
CADM3,NECTIN3
CEACAM1,CD209
CEACAM1,CEACAM6
CEACAM1,CEACAM8
CEACAM1,SELE
CEACAM5,CD1D
CEACAM5,CD8A
CEACAM5,CEACAM1
CEACAM5,CEACAM6
CEACAM6,CEACAM6
CEACAM8,CEACAM6
COL10A1,ITGA1_ITGB1
COL10A1,ITGA10_ITGB1
COL10A1,ITGA11_ITGB1
COL10A1,ITGA2_ITGB1
COL11A1,ITGA1_ITGB1
COL11A1,ITGA10_ITGB1
COL11A1,ITGA11_ITGB1
COL11A1,ITGA2_ITGB1
COL11A2,ITGA1_ITGB1
COL11A2,ITGA10_ITGB1
COL11A2,ITGA11_ITGB1
COL11A2,ITGA2_ITGB1
COL12A1,ITGA1_ITGB1
COL12A1,ITGA10_ITGB1
COL12A1,ITGA11_ITGB1
COL12A1,ITGA2_ITGB1
COL13A1,ITGA1_ITGB1
COL13A1,ITGA10_ITGB1
COL13A1,ITGA11_ITGB1
COL13A1,ITGA2_ITGB1
COL14A1,ITGA1_ITGB1
COL14A1,ITGA10_ITGB1
COL14A1,ITGA11_ITGB1
COL14A1,ITGA2_ITGB1
COL15A1,ITGA1_ITGB1
COL15A1,ITGA10_ITGB1
COL15A1,ITGA11_ITGB1
COL15A1,ITGA2_ITGB1
COL16A1,ITGA1_ITGB1
COL16A1,ITGA10_ITGB1
COL16A1,ITGA11_ITGB1
COL16A1,ITGA2_ITGB1
COL17A1,ITGA1_ITGB1
COL17A1,ITGA10_ITGB1
COL17A1,ITGA11_ITGB1
COL17A1,ITGA2_ITGB1
COL18A1,ITGA1_ITGB1
COL18A1,ITGA10_ITGB1
COL18A1,ITGA11_ITGB1
COL18A1,ITGA2_ITGB1
COL19A1,ITGA1_ITGB1
COL19A1,ITGA10_ITGB1
COL19A1,ITGA11_ITGB1
COL19A1,ITGA2_ITGB1
COL1A1,ITGA1_ITGB1
COL1A1,ITGA10_ITGB1
COL1A1,ITGA11_ITGB1
COL1A1,ITGA2_ITGB1
COL1A2,ITGA1_ITGB1
COL1A2,ITGA10_ITGB1
COL1A2,ITGA11_ITGB1
COL1A2,ITGA2_ITGB1
COL20A1,ITGA1_ITGB1
COL20A1,ITGA10_ITGB1
COL20A1,ITGA11_ITGB1
COL20A1,ITGA2_ITGB1
COL21A1,ITGA1_ITGB1
COL21A1,ITGA10_ITGB1
COL21A1,ITGA11_ITGB1
COL21A1,ITGA2_ITGB1
COL22A1,ITGA1_ITGB1
COL22A1,ITGA10_ITGB1
COL22A1,ITGA11_ITGB1
COL22A1,ITGA2_ITGB1
COL24A1,ITGA1_ITGB1
COL24A1,ITGA10_ITGB1
COL24A1,ITGA11_ITGB1
COL24A1,ITGA2_ITGB1
COL26A1,ITGA1_ITGB1
COL26A1,ITGA10_ITGB1
COL26A1,ITGA11_ITGB1
COL26A1,ITGA2_ITGB1
COL27A1,ITGA1_ITGB1
COL27A1,ITGA10_ITGB1
COL27A1,ITGA11_ITGB1
COL27A1,ITGA2_ITGB1
COL28A1,ITGA1_ITGB1
COL28A1,ITGA10_ITGB1
COL28A1,ITGA11_ITGB1
COL28A1,ITGA2_ITGB1
COL2A1,ITGA1_ITGB1
COL2A1,ITGA10_ITGB1
COL2A1,ITGA11_ITGB1
COL2A1,ITGA2_ITGB1
COL3A1,ADGRG1
COL3A1,ITGA1_ITGB1
COL3A1,ITGA10_ITGB1
COL3A1,ITGA11_ITGB1
COL3A1,ITGA2_ITGB1
COL4A1,ADGRG6
COL4A1,ITGA1_ITGB1
COL4A1,ITGA10_ITGB1
COL4A1,ITGA11_ITGB1
COL4A1,ITGA2_ITGB1
COL4A2,ADGRG6
COL4A2,ITGA1_ITGB1
COL4A2,ITGA10_ITGB1
COL4A2,ITGA11_ITGB1
COL4A2,ITGA2_ITGB1
COL4A3,ADGRG6
COL4A3,ITGA1_ITGB1
COL4A3,ITGA10_ITGB1
COL4A3,ITGA11_ITGB1
COL4A3,ITGA2_ITGB1
COL4A4,ADGRG6
COL4A4,ITGA1_ITGB1
COL4A4,ITGA10_ITGB1
COL4A4,ITGA11_ITGB1
COL4A4,ITGA2_ITGB1
COL4A5,ADGRG6
COL4A5,ITGA1_ITGB1
COL4A5,ITGA10_ITGB1
COL4A5,ITGA11_ITGB1
COL4A5,ITGA2_ITGB1
COL4A6,ADGRG6
COL4A6,ITGA1_ITGB1
COL4A6,ITGA10_ITGB1
COL4A6,ITGA11_ITGB1
COL4A6,ITGA2_ITGB1
COL5A1,ITGA1_ITGB1
COL5A1,ITGA10_ITGB1
COL5A1,ITGA11_ITGB1
COL5A1,ITGA2_ITGB1
COL5A2,ITGA1_ITGB1
COL5A2,ITGA10_ITGB1
COL5A2,ITGA11_ITGB1
COL5A2,ITGA2_ITGB1
COL5A3,ITGA1_ITGB1
COL5A3,ITGA10_ITGB1
COL5A3,ITGA11_ITGB1
COL5A3,ITGA2_ITGB1
COL6A1,ITGA1_ITGB1
COL6A1,ITGA10_ITGB1
COL6A1,ITGA11_ITGB1
COL6A1,ITGA2_ITGB1
COL6A2,ITGA1_ITGB1
COL6A2,ITGA10_ITGB1
COL6A2,ITGA11_ITGB1
COL6A2,ITGA2_ITGB1
COL6A3,ITGA1_ITGB1
COL6A3,ITGA10_ITGB1
COL6A3,ITGA11_ITGB1
COL6A3,ITGA2_ITGB1
COL6A5,ITGA1_ITGB1
COL6A5,ITGA10_ITGB1
COL6A5,ITGA11_ITGB1
COL6A5,ITGA2_ITGB1
COL6A6,ITGA1_ITGB1
COL6A6,ITGA10_ITGB1
COL6A6,ITGA11_ITGB1
COL6A6,ITGA2_ITGB1
COL7A1,ITGA1_ITGB1
COL7A1,ITGA10_ITGB1
COL7A1,ITGA11_ITGB1
COL7A1,ITGA2_ITGB1
COL8A1,ITGA1_ITGB1
COL8A1,ITGA10_ITGB1
COL8A1,ITGA11_ITGB1
COL8A1,ITGA2_ITGB1
COL8A2,ITGA1_ITGB1
COL8A2,ITGA10_ITGB1
COL8A2,ITGA11_ITGB1
COL8A2,ITGA2_ITGB1
COL9A1,ITGA1_ITGB1
COL9A1,ITGA10_ITGB1
COL9A1,ITGA11_ITGB1
COL9A1,ITGA2_ITGB1
COL9A2,ITGA1_ITGB1
COL9A2,ITGA10_ITGB1
COL9A2,ITGA11_ITGB1
COL9A2,ITGA2_ITGB1
COL9A3,ITGA1_ITGB1
COL9A3,ITGA10_ITGB1
COL9A3,ITGA11_ITGB1
COL9A3,ITGA2_ITGB1
DSC1,DSG2
DSC2,DSG2
DSG1,DSC1
DSG1,DSC2
DSG1,DSC3
DSG2,DSC3
DAG1,CELSR3
FGA_FGB_FGG,ITGA2B_ITGB3
FGA_FGB_FGG,ITGAM_ITGB2
FGA_FGB_FGG,ITGAX_ITGB2
FN1,ITGA10_ITGB1
FN1,ITGA11_ITGB1
FN1,ITGA2_ITGB1
FN1,ITGA2B_ITGB3
FN1,ITGA3_ITGB1
FN1,ITGA4_ITGB1
FN1,ITGA4_ITGB7
FN1,ITGA5_ITGB1
FN1,ITGA8_ITGB1
FN1,ITGAV_ITGB1
FN1,ITGAV_ITGB3
FN1,ITGAV_ITGB5
GJA1,GJA1
GJA1,GJA5
GJA3,GJA1
GJA3,GJA3
GJA3,GJA5
GJA3,GJC1
GJA5,GJA5
GJC1,GJA1
GJC1,GJA5
GJC1,GJC1
ICAM1,ITGAL
ICAM1,ITGAL_ITGB2
ICAM1,ITGAM_ITGB2
ICAM1,ITGAX_ITGB2
ICAM1,SPN
ICAM2,CD209
ICAM2,ITGAL_ITGB2
ICAM3,CD209
ICAM3,CLEC4M
ICAM3,ITGAD_ITGB2
ICAM3,ITGAL_ITGB2
ICAM4,ITGAL_ITGB2
JAM2,ITGA4_ITGB1
JAM2,JAM3
JAM3,ITGAM_ITGB2
JAM3,JAM3
L1CAM,EZR_L1CAM
L1CAM,ITGA2B_ITGB3
L1CAM,ITGA5_ITGB1
L1CAM,ITGA9_ITGB1
L1CAM,ITGAV_ITGB1
L1CAM,ITGAV_ITGB3
L1CAM,L1CAM
LAMA3,ITGA3_ITGB1
LAMC1,ITGA2_ITGB1
LAMC1,ITGA6_ITGB1
LAMC1,ITGA7_ITGB1
LAMC1,ITGAV_ITGB3
NECTIN1,CADM3
NECTIN1,NECTIN3
NECTIN1,NECTIN4
NECTIN2,NECTIN3
SPP1,ITGA4_ITGB1
SPP1,ITGA9_ITGB1
SPP1,ITGAV_ITGB3
F10,ITGAM_ITGB2
F11R,ITGAL_ITGB2
F2,F2R
F2,F2RL2
F2,F2RL3
F2,GP1BA_GP1BB
F2,ITGA2B_ITGB3
F2,ITGAV_ITGB3
F2,THBD
TNC,ITGA4_ITGB1
TNC,ITGA8_ITGB1
TNC,ITGA9_ITGB1
TNC,ITGAV_ITGB3
TNC,ITGAV_ITGB6
THBS1,ITGA2B_ITGB3
THBS1,ITGA3_ITGB1
THBS1,ITGAV_ITGB3
VCAM1,ITGA4_ITGB1
VCAM1,ITGA4_ITGB7
VCAM1,ITGA9_ITGB1
VCAM1,ITGAD_ITGB2
VTN,ITGA2B_ITGB3
VTN,ITGAV_ITGB1
VTN,ITGAV_ITGB3
PLA2G2A,ITGA4_ITGB1
PLA2G2A,ITGA5_ITGB1
CHAT,CHRM1
CHAT,CHRM2
CHAT,CHRM3
CHAT,CHRM4
CHAT,CHRM5
CHAT,CHRNA1
CHAT,CHRNA2_CHRNB3
CHAT,CHRNA3_CHRNA5_CHRNB2
CHAT,CHRNA3_CHRNA5_CHRNB4
CHAT,CHRNA4_CHRNA6_CHRNB3
CHAT,CHRNA4_CHRNB2
CHAT,CHRNA6_CHRNB3_CHRNB4
CHAT,CHRNA7
NT5E_SLC29A1,ADORA1
NT5E_SLC29A1,ADORA2A
NT5E_SLC29A1,ADORA2B
NT5E_SLC29A1,ADORA3
NT5E_SLC29A2,ADORA1
NT5E_SLC29A2,ADORA2A
NT5E_SLC29A2,ADORA2B
NT5E_SLC29A2,ADORA3
NT5E_SLC29A3,ADORA1
NT5E_SLC29A3,ADORA2A
NT5E_SLC29A3,ADORA2B
NT5E_SLC29A3,ADORA3
NT5E_SLC29A4,ADORA1
NT5E_SLC29A4,ADORA2A
NT5E_SLC29A4,ADORA2B
NT5E_SLC29A4,ADORA3
PNMT_SLC18A1,ADRA1A
PNMT_SLC18A1,ADRA1B
PNMT_SLC18A1,ADRA1D
PNMT_SLC18A1,ADRA2A
PNMT_SLC18A1,ADRA2B
PNMT_SLC18A1,ADRA2C
PNMT_SLC18A1,ADRB1
PNMT_SLC18A1,ADRB2
PNMT_SLC18A1,ADRB3
PNMT_SLC18A2,ADRA1A
PNMT_SLC18A2,ADRA1B
PNMT_SLC18A2,ADRA1D
PNMT_SLC18A2,ADRA2A
PNMT_SLC18A2,ADRA2B
PNMT_SLC18A2,ADRA2C
PNMT_SLC18A2,ADRB1
PNMT_SLC18A2,ADRB2
PNMT_SLC18A2,ADRB3
ADM,CALCRL_GPER1_RAMP3
ADM,RAMP3
ADM2,CALCRL_GPER1_RAMP3
ADM2,CALCRL_RAMP2
AGRP,MC2R
AGRP,MC3R
AGRP,MC4R
AGRP,MC5R
ASIP,MC1R
AGRN,LRP4_MUSK
AGRN,PTPRS
IAPP,CALCR
IAPP,CALCR_RAMP1
IAPP,CALCR_RAMP2
IAPP,CALCR_RAMP3
APP,CD74
APP,FPR2
APP,PLXNA4
APP,SORL1
APP,TNFRSF21
APP,TREM2_TYROBP
APLP2,PIGR
APLP2,PLXNA4
CYP11B2,NR3C1
CYP11B2,NR3C2
SRD5A1,AR
SRD5A2,AR
SRD5A3,AR
CYP17A1,AR
HSD17B6,NR1H4
CYP27B1,VDR
CYP11B1,NR3C1
CYP11B1,NR3C2
CYP21A2,NR3C2
CYP19A1,ESR1
CYP19A1,ESR2
CYP19A1,GPER1
CYP19A1,NR1I2
CYP11A1,NR1H4
CYP3A4,NR1H4
CYP11A1_FDX1_FDX2_FDXR,NR1I2
HSD17B12,AR
HSD17B3,AR
ANGPT1,TEK
ANGPT2,TEK
ANGPT4,TEK
AGT,AGTR1
AGT,AGTR2
ANXA1,FPR1
ANXA1,FPR2
ANXA1,FPR3
APELA,APLNR
APLN,APLNR
APOA1,ABCA1
APOA1,AMN_CUBN
APOA1,TREM2_TYROBP
APOA2,TREM2_TYROBP
APOB,APOBR
APOB,TREM2_TYROBP
APOE,TREM2_TYROBP
DAGLA,CNR1
DAGLA,CNR2
DAGLA,GPR55
DAGLB,CNR1
DAGLB,CNR2
DAGLB,GPR55
NGF,NGFR
NGF,NTRK1
NGF,SORT1
BMP10,ACVR2A_ACVRL1
BMP10,ACVRL1_BMPR2
BMP15,BMPR1B_BMPR2
BMP15_GDF2,ACVR1B_BMPR1B_BMPR2
BMP2,ACVR2A_BMPR1A
BMP2,ACVR2A_BMPR1B
BMP2,ACVR2B_BMPR1A
BMP2,ACVR2B_BMPR1B
BMP2,BMPR1A_BMPR2
BMP2,BMPR1B_BMPR2
BMP4,ACVR2A_BMPR1A
BMP4,ACVR2A_BMPR1B
BMP4,ACVR2B_BMPR1A
BMP4,ACVR2B_BMPR1B
BMP4,BMPR1A_BMPR2
BMP4,BMPR1B_BMPR2
BMP5,ACVR1_ACVR2A
BMP5,ACVR1_ACVR2B
BMP5,ACVR1_BMPR2
BMP5,ACVR2A_BMPR1A
BMP5,ACVR2A_BMPR1B
BMP5,ACVR2B_BMPR1A
BMP5,ACVR2B_BMPR1B
BMP5,BMPR1A_BMPR2
BMP5,BMPR1B_BMPR2
BMP6,ACVR1_ACVR2A
BMP6,ACVR1_ACVR2B
BMP6,ACVR1_BMPR2
BMP6,ACVR2A_BMPR1A
BMP6,ACVR2A_BMPR1B
BMP6,ACVR2B_BMPR1A
BMP6,ACVR2B_BMPR1B
BMP6,BMPR1A_BMPR2
BMP6,BMPR1B_BMPR2
BMP7,ACVR1_ACVR2A
BMP7,ACVR1_ACVR2B
BMP7,ACVR1_BMPR2
BMP7,ACVR2A_BMPR1A
BMP7,ACVR2A_BMPR1B
BMP7,ACVR2B_BMPR1A
BMP7,ACVR2B_BMPR1B
BMP7,BMPR1A_BMPR2
BMP7,BMPR1B_BMPR2
BMP8A,ACVR1_ACVR2A
BMP8A,ACVR1_ACVR2B
BMP8A,ACVR1_BMPR2
BMP8A,ACVR2A_BMPR1A
BMP8A,ACVR2A_BMPR1B
BMP8A,ACVR2B_BMPR1A
BMP8A,ACVR2B_BMPR1B
BMP8A,BMPR1A_BMPR2
BMP8A,BMPR1B_BMPR2
BMPR1B_BMPR2,BMPR1A
BDNF,NGFR
BDNF,NTRK2
BDNF,SORT1
CALCA,CALCR
CALCA,CALCRL_RAMP1
CALCB,CALCR
CALCB,CALCRL_RAMP1
CLSTN1,NRXN1
CLSTN1,NRXN2
CLSTN1,NRXN3
CLSTN2,NRXN1
CLSTN2,NRXN2
CLSTN2,NRXN3
CLSTN3,NRXN1
CLSTN3,NRXN2
CLSTN3,NRXN3
CTSG,F2RL3
CTSG,FPR1
CCL1,CCR8
CCL11,ACKR2
CCL11,CCR3
CCL11,DPP4
CCL13,ACKR2
CCL13,CCR2
CCL13,CCR3
CCL14,ACKR2
CCL14,CCR1
CCL14,CCR3
CCL15,CCR1
CCL15,CCR3
CCL16,CCR1
CCL16,CCR2
CCL16,CCR8
CCL16,HRH4
CCL17,CCR4
CCL18,CCR8
CCL19,ACKR4
CCL19,CCR7
CCL19,CCRL2
CCL2,ACKR1
CCL2,ACKR2
CCL2,CCR2
CCL20,CCR6
CCL21,ACKR4
CCL21,CCR7
CCL22,CCR4
CCL22,DPP4
CCL23,CCR1
CCL23,FPR2
CCL24,CCR3
CCL25,ACKR4
CCL25,CCR9
CCL26,CCR1
CCL26,CCR2
CCL26,CCR3
CCL27,CCR10
CCL28,CCR10
CCL3,ACKR2
CCL3,CCR1
CCL3,CCR3
CCL3,CCR5
CCL3L1,CCR1
CCL3L1,CCR3
CCL4,ACKR2
CCL4,CCR5
CCL5,ACKR1
CCL5,ACKR2
CCL5,CCR1
CCL5,CCR3
CCL5,CCR4
CCL5,CCR5
CCL5,GPR75
CCL7,ACKR2
CCL7,CCR1
CCL7,CCR2
CCL7,CCR3
CCL7,CCR5
CCL8,ACKR2
CCL8,CCR1
CCL8,CCR2
CCL8,CCR3
CCL8,CCR5
PPBP,CXCR1
PPBP,CXCR2
CX3CL1,CX3CR1
CXCL1,ACKR1
CXCL1,CXCR1
CXCL1,CXCR2
CXCL10,CXCR3
CXCL10,DPP4
CXCL11,ACKR3
CXCL11,CXCR3
CXCL11,DPP4
CXCL12,CXCR4
CXCL12,DPP4
CXCL13,ACKR4
CXCL13,CXCR5
CXCL14,CXCR4
CXCL16,CXCR6
CXCL2,CXCR2
CXCL2,DPP4
CXCL3,CXCR2
CXCL5,CXCR1
CXCL5,CXCR2
CXCL6,CXCR1
CXCL6,CXCR2
CXCL8,ACKR1
CXCL8,CXCR1
CXCL8,CXCR2
CXCL9,CXCR3
CXCL9,DPP4
CCK,CCKAR
CCK,CCKBR
CEL,RORA
CEL,RORC
LIPA,RORA
LIPA,RORC
DHCR24,RORA
DHCR24,RORC
DHCR7,NR1H2
DHCR7,NR1H3
DHCR7,RORA
DHCR7,RORC
CHAT_SLC10A4,CHRM1
CHAT_SLC10A4,CHRM2
CHAT_SLC10A4,CHRM3
CHAT_SLC10A4,CHRM4
CHAT_SLC10A4,CHRM5
CHAT_SLC10A4,CHRNA1_CHRNB1_CHRND_CHRNE
CHAT_SLC10A4,CHRNA1_CHRNB1_CHRND_CHRNG
CHAT_SLC10A4,CHRNA3_CHRNB4
CHAT_SLC10A4,CHRNA4_CHRNB2
CHAT_SLC10A4,CHRNA7
CHAT_SLC18A3,CHRM1
CHAT_SLC18A3,CHRM2
CHAT_SLC18A3,CHRM3
CHAT_SLC18A3,CHRM4
CHAT_SLC18A3,CHRM5
CHAT_SLC18A3,CHRNA1_CHRNB1_CHRND_CHRNE
CHAT_SLC18A3,CHRNA1_CHRNB1_CHRND_CHRNG
CHAT_SLC18A3,CHRNA3_CHRNB4
CHAT_SLC18A3,CHRNA4_CHRNB2
CHAT_SLC18A3,CHRNA7
CHAT_SLC5A7,CHRM1
CHAT_SLC5A7,CHRM2
CHAT_SLC5A7,CHRM3
CHAT_SLC5A7,CHRM4
CHAT_SLC5A7,CHRM5
CHAT_SLC5A7,CHRNA1_CHRNB1_CHRND_CHRNE
CHAT_SLC5A7,CHRNA1_CHRNB1_CHRND_CHRNG
CHAT_SLC5A7,CHRNA3_CHRNB4
CHAT_SLC5A7,CHRNA4_CHRNB2
CHAT_SLC5A7,CHRNA7
CGA_CGB1,LHCGR
CGA_CGB2,LHCGR
CGA_CGB3,LHCGR
CGA_CGB7,LHCGR
CGA_FSHB,FSHR
CGA_LHB,LHCGR
CGA_TSHB,TSHR
C10orf99,GPR15
C10orf99,SUSD2
C1QL1,ADGRB3
C1QL2,ADGRB3
C1QL3,ADGRB3
C1QL4,ADGRB3
C3,C3AR1
C3,C5AR2
C3,ITGAM_ITGB2
C4A,C5AR2
C5,C5AR1
C5,C5AR2
CRH,CRHR1
CRH,CRHR2
CSF1,CSF1R
CSF2,CSF2RA_CSF2RB
CSF3,CSF3R
SULT1A1,PPARA
SULT1A1,PPARD
SULT1A1,PPARG
SULT1E1,PPARA
SULT1E1,PPARD
SULT1E1,PPARG
SULT2A1,PPARA
SULT2A1,PPARD
SULT2A1,PPARG
UBASH3B,ESR1
UBASH3B,NR1I2
UBASH3B,PPARA
DHH,BOC_PTCH1
DHH,CDON_PTCH1
DHH,GAS1_PTCH1
DHH,HHIP
DHRS9,PGR
TYR,GPR143
EDN1,EDNRA
EDN1,EDNRB
EDN2,EDNRA
EDN2,EDNRB
EDN3,EDNRA
EDN3,EDNRB
ENTPD1,ADORA1
ENTPD1,ADORA2A
ENTPD1,ADORA2B
ENTPD1,ADORA3
EFNA1,EPHA1
EFNA1,EPHA2
EFNA1,EPHA3
EFNA1,EPHA4
EFNA1,EPHA5
EFNA1,EPHA7
EFNA1,EPHA8
EFNA2,EPHA1
EFNA2,EPHA2
EFNA2,EPHA3
EFNA2,EPHA4
EFNA2,EPHA5
EFNA2,EPHA7
EFNA2,EPHA8
EFNA3,EPHA1
EFNA3,EPHA2
EFNA3,EPHA3
EFNA3,EPHA4
EFNA3,EPHA5
EFNA3,EPHA7
EFNA3,EPHA8
EFNA4,EPHA1
EFNA4,EPHA2
EFNA4,EPHA3
EFNA4,EPHA4
EFNA4,EPHA5
EFNA4,EPHA7
EFNA4,EPHA8
EFNA5,EPHA1
EFNA5,EPHA2
EFNA5,EPHA3
EFNA5,EPHA4
EFNA5,EPHA5
EFNA5,EPHA7
EFNA5,EPHA8
EFNA5,EPHB2
EFNB1,EPHA2
EFNB1,EPHA4
EFNB1,EPHB1
EFNB1,EPHB2
EFNB1,EPHB3
EFNB1,EPHB4
EFNB1,EPHB6
EFNB2,EPHA4
EFNB2,EPHB1
EFNB2,EPHB2
EFNB2,EPHB3
EFNB2,EPHB4
EFNB2,EPHB6
EFNB3,EPHA4
EFNB3,EPHB1
EFNB3,EPHB2
EFNB3,EPHB3
EFNB3,EPHB4
EFNB3,EPHB6
AREG,EGFR
BTC,EGFR
EGF,EGFR
EPGN,EGFR
EREG,EGFR
EREG,ERBB4
HBEGF,EGFR
HBEGF,ERBB2
HBEGF,ERBB4
PNMT,ADRA1A
PNMT,ADRA1B
PNMT,ADRA1D
PNMT,ADRA2A
PNMT,ADRA2B
PNMT,ADRA2C
PNMT,ADRB1
PNMT,ADRB2
PNMT,ADRB3
HSD17B1,ESR1
HSD17B1,ESR2
HSD17B1,GPER1
HSD17B1,NR1I2
FCER2,CR2
FCER2,FGFR2
FCER2,ITGAM_ITGB2
FCER2,ITGAV_ITGB3
FCER2,ITGAX_ITGB2
FGF1,FGFR1
FGF1,FGFR2
FGF1,FGFR3
FGF1,FGFR4
FGF1,ITGAV_ITGB3
FGF10,FGFR2
FGF17,FGFR3
FGF19,FGFR4_KLB
FGF2,FGFR1
FGF2,FGFR2
FGF2,FGFR3
FGF2,FGFR4
FGF2,ITGAV_ITGB3
FGF20,FGFR3
FGF21,FGFR4_KLB
FGF22,FGFR2
FGF23,FGFR1_KL
FGF3,FGFR2
FGF4,FGFR1
FGF5,FGFR1
FGF6,FGFR1
FGF7,FGFR2
FGF8,FGFR3
FGF9,FGFR3
FGL1,LAG3
NCAM1,FGFR1
FLRT1,ADGRL1
FLRT1,ADGRL3
FLRT1_TENM2,ADGRL1
FLRT1_TENM3,ADGRL3
FLRT1_TENM4,ADGRL1
FLRT2,ADGRL1
FLRT2,ADGRL3
FLRT3,ADGRL2
FLRT3,ADGRL3
FLRT3_TENM2,ADGRL1
FLRT3_TENM2,ADGRL2
FLRT3_TENM3,ADGRL3
FLRT3_TENM4,ADGRL1
GAD1_SLC32A1,GABBR1
GAD1_SLC32A1,GABBR2
GAD1_SLC32A1,GABRA1_GABRB2
GAD1_SLC32A1,GABRA1_GABRB2_GABRD
GAD1_SLC32A1,GABRA1_GABRB2_GABRG2
GAD1_SLC32A1,GABRA1_GABRB3
GAD1_SLC32A1,GABRA1_GABRB3_GABRG2
GAD1_SLC32A1,GABRA2_GABRB3_GABRG2
GAD1_SLC32A1,GABRA3_GABRB3_GABRE
GAD1_SLC32A1,GABRA3_GABRB3_GABRG2
GAD1_SLC32A1,GABRA3_GABRB3_GABRQ
GAD1_SLC32A1,GABRA4_GABRB2_GABRD
GAD1_SLC32A1,GABRA4_GABRB3_GABRD
GAD1_SLC32A1,GABRA4_GABRB3_GABRG2
GAD1_SLC32A1,GABRA5_GABRB3_GABRG2
GAD1_SLC32A1,GABRA6_GABRB3_GABRD
GAD1_SLC32A1,GABRA6_GABRB3_GABRG2
GAD1_SLC6A1,GABBR1
GAD1_SLC6A1,GABBR2
GAD1_SLC6A1,GABRA1_GABRB2
GAD1_SLC6A1,GABRA1_GABRB2_GABRD
GAD1_SLC6A1,GABRA1_GABRB2_GABRG2
GAD1_SLC6A1,GABRA1_GABRB3
GAD1_SLC6A1,GABRA1_GABRB3_GABRG2
GAD1_SLC6A1,GABRA2_GABRB3_GABRG2
GAD1_SLC6A1,GABRA3_GABRB3_GABRE
GAD1_SLC6A1,GABRA3_GABRB3_GABRG2
GAD1_SLC6A1,GABRA3_GABRB3_GABRQ
GAD1_SLC6A1,GABRA4_GABRB2_GABRD
GAD1_SLC6A1,GABRA4_GABRB3_GABRD
GAD1_SLC6A1,GABRA4_GABRB3_GABRG2
GAD1_SLC6A1,GABRA5_GABRB3_GABRG2
GAD1_SLC6A1,GABRA6_GABRB3_GABRD
GAD1_SLC6A1,GABRA6_GABRB3_GABRG2
GAD1_SLC6A11,GABBR1
GAD1_SLC6A11,GABBR2
GAD1_SLC6A11,GABRA1_GABRB2
GAD1_SLC6A11,GABRA1_GABRB2_GABRD
GAD1_SLC6A11,GABRA1_GABRB2_GABRG2
GAD1_SLC6A11,GABRA1_GABRB3
GAD1_SLC6A11,GABRA1_GABRB3_GABRG2
GAD1_SLC6A11,GABRA2_GABRB3_GABRG2
GAD1_SLC6A11,GABRA3_GABRB3_GABRE
GAD1_SLC6A11,GABRA3_GABRB3_GABRG2
GAD1_SLC6A11,GABRA3_GABRB3_GABRQ
GAD1_SLC6A11,GABRA4_GABRB2_GABRD
GAD1_SLC6A11,GABRA4_GABRB3_GABRD
GAD1_SLC6A11,GABRA4_GABRB3_GABRG2
GAD1_SLC6A11,GABRA5_GABRB3_GABRG2
GAD1_SLC6A11,GABRA6_GABRB3_GABRD
GAD1_SLC6A11,GABRA6_GABRB3_GABRG2
GAD1_SLC6A12,GABBR1
GAD1_SLC6A12,GABBR2
GAD1_SLC6A12,GABRA1_GABRB2
GAD1_SLC6A12,GABRA1_GABRB2_GABRD
GAD1_SLC6A12,GABRA1_GABRB2_GABRG2
GAD1_SLC6A12,GABRA1_GABRB3
GAD1_SLC6A12,GABRA1_GABRB3_GABRG2
GAD1_SLC6A12,GABRA2_GABRB3_GABRG2
GAD1_SLC6A12,GABRA3_GABRB3_GABRE
GAD1_SLC6A12,GABRA3_GABRB3_GABRG2
GAD1_SLC6A12,GABRA3_GABRB3_GABRQ
GAD1_SLC6A12,GABRA4_GABRB2_GABRD
GAD1_SLC6A12,GABRA4_GABRB3_GABRD
GAD1_SLC6A12,GABRA4_GABRB3_GABRG2
GAD1_SLC6A12,GABRA5_GABRB3_GABRG2
GAD1_SLC6A12,GABRA6_GABRB3_GABRD
GAD1_SLC6A12,GABRA6_GABRB3_GABRG2
GAD1_SLC6A13,GABBR1
GAD1_SLC6A13,GABBR2
GAD1_SLC6A13,GABRA1_GABRB2
GAD1_SLC6A13,GABRA1_GABRB2_GABRD
GAD1_SLC6A13,GABRA1_GABRB2_GABRG2
GAD1_SLC6A13,GABRA1_GABRB3
GAD1_SLC6A13,GABRA1_GABRB3_GABRG2
GAD1_SLC6A13,GABRA2_GABRB3_GABRG2
GAD1_SLC6A13,GABRA3_GABRB3_GABRE
GAD1_SLC6A13,GABRA3_GABRB3_GABRG2
GAD1_SLC6A13,GABRA3_GABRB3_GABRQ
GAD1_SLC6A13,GABRA4_GABRB2_GABRD
GAD1_SLC6A13,GABRA4_GABRB3_GABRD
GAD1_SLC6A13,GABRA4_GABRB3_GABRG2
GAD1_SLC6A13,GABRA5_GABRB3_GABRG2
GAD1_SLC6A13,GABRA6_GABRB3_GABRD
GAD1_SLC6A13,GABRA6_GABRB3_GABRG2
GAD1_SLC6A6,GABBR1
GAD1_SLC6A6,GABBR2
GAD1_SLC6A6,GABRA1_GABRB2
GAD1_SLC6A6,GABRA1_GABRB2_GABRD
GAD1_SLC6A6,GABRA1_GABRB2_GABRG2
GAD1_SLC6A6,GABRA1_GABRB3
GAD1_SLC6A6,GABRA1_GABRB3_GABRG2
GAD1_SLC6A6,GABRA2_GABRB3_GABRG2
GAD1_SLC6A6,GABRA3_GABRB3_GABRE
GAD1_SLC6A6,GABRA3_GABRB3_GABRG2
GAD1_SLC6A6,GABRA3_GABRB3_GABRQ
GAD1_SLC6A6,GABRA4_GABRB2_GABRD
GAD1_SLC6A6,GABRA4_GABRB3_GABRD
GAD1_SLC6A6,GABRA4_GABRB3_GABRG2
GAD1_SLC6A6,GABRA5_GABRB3_GABRG2
GAD1_SLC6A6,GABRA6_GABRB3_GABRD
GAD1_SLC6A6,GABRA6_GABRB3_GABRG2
GAD1_SLC6A8,GABBR1
GAD1_SLC6A8,GABBR2
GAD1_SLC6A8,GABRA1_GABRB2
GAD1_SLC6A8,GABRA1_GABRB2_GABRD
GAD1_SLC6A8,GABRA1_GABRB2_GABRG2
GAD1_SLC6A8,GABRA1_GABRB3
GAD1_SLC6A8,GABRA1_GABRB3_GABRG2
GAD1_SLC6A8,GABRA2_GABRB3_GABRG2
GAD1_SLC6A8,GABRA3_GABRB3_GABRE
GAD1_SLC6A8,GABRA3_GABRB3_GABRG2
GAD1_SLC6A8,GABRA3_GABRB3_GABRQ
GAD1_SLC6A8,GABRA4_GABRB2_GABRD
GAD1_SLC6A8,GABRA4_GABRB3_GABRD
GAD1_SLC6A8,GABRA4_GABRB3_GABRG2
GAD1_SLC6A8,GABRA5_GABRB3_GABRG2
GAD1_SLC6A8,GABRA6_GABRB3_GABRD
GAD1_SLC6A8,GABRA6_GABRB3_GABRG2
GAD2_SLC32A1,GABBR1
GAD2_SLC32A1,GABBR2
GAD2_SLC32A1,GABRA1_GABRB2
GAD2_SLC32A1,GABRA1_GABRB2_GABRD
GAD2_SLC32A1,GABRA1_GABRB2_GABRG2
GAD2_SLC32A1,GABRA1_GABRB3
GAD2_SLC32A1,GABRA1_GABRB3_GABRG2
GAD2_SLC32A1,GABRA2_GABRB3_GABRG2
GAD2_SLC32A1,GABRA3_GABRB3_GABRE
GAD2_SLC32A1,GABRA3_GABRB3_GABRG2
GAD2_SLC32A1,GABRA3_GABRB3_GABRQ
GAD2_SLC32A1,GABRA4_GABRB2_GABRD
GAD2_SLC32A1,GABRA4_GABRB3_GABRD
GAD2_SLC32A1,GABRA4_GABRB3_GABRG2
GAD2_SLC32A1,GABRA5_GABRB3_GABRG2
GAD2_SLC32A1,GABRA6_GABRB3_GABRD
GAD2_SLC32A1,GABRA6_GABRB3_GABRG2
GAD2_SLC6A1,GABBR1
GAD2_SLC6A1,GABBR2
GAD2_SLC6A1,GABRA1_GABRB2
GAD2_SLC6A1,GABRA1_GABRB2_GABRD
GAD2_SLC6A1,GABRA1_GABRB2_GABRG2
GAD2_SLC6A1,GABRA1_GABRB3
GAD2_SLC6A1,GABRA1_GABRB3_GABRG2
GAD2_SLC6A1,GABRA2_GABRB3_GABRG2
GAD2_SLC6A1,GABRA3_GABRB3_GABRE
GAD2_SLC6A1,GABRA3_GABRB3_GABRG2
GAD2_SLC6A1,GABRA3_GABRB3_GABRQ
GAD2_SLC6A1,GABRA4_GABRB2_GABRD
GAD2_SLC6A1,GABRA4_GABRB3_GABRD
GAD2_SLC6A1,GABRA4_GABRB3_GABRG2
GAD2_SLC6A1,GABRA5_GABRB3_GABRG2
GAD2_SLC6A1,GABRA6_GABRB3_GABRD
GAD2_SLC6A1,GABRA6_GABRB3_GABRG2
GAD2_SLC6A11,GABBR1
GAD2_SLC6A11,GABBR2
GAD2_SLC6A11,GABRA1_GABRB2
GAD2_SLC6A11,GABRA1_GABRB2_GABRD
GAD2_SLC6A11,GABRA1_GABRB2_GABRG2
GAD2_SLC6A11,GABRA1_GABRB3
GAD2_SLC6A11,GABRA1_GABRB3_GABRG2
GAD2_SLC6A11,GABRA2_GABRB3_GABRG2
GAD2_SLC6A11,GABRA3_GABRB3_GABRE
GAD2_SLC6A11,GABRA3_GABRB3_GABRG2
GAD2_SLC6A11,GABRA3_GABRB3_GABRQ
GAD2_SLC6A11,GABRA4_GABRB2_GABRD
GAD2_SLC6A11,GABRA4_GABRB3_GABRD
GAD2_SLC6A11,GABRA4_GABRB3_GABRG2
GAD2_SLC6A11,GABRA5_GABRB3_GABRG2
GAD2_SLC6A11,GABRA6_GABRB3_GABRD
GAD2_SLC6A11,GABRA6_GABRB3_GABRG2
GAD2_SLC6A12,GABBR1
GAD2_SLC6A12,GABBR2
GAD2_SLC6A12,GABRA1_GABRB2
GAD2_SLC6A12,GABRA1_GABRB2_GABRD
GAD2_SLC6A12,GABRA1_GABRB2_GABRG2
GAD2_SLC6A12,GABRA1_GABRB3
GAD2_SLC6A12,GABRA1_GABRB3_GABRG2
GAD2_SLC6A12,GABRA2_GABRB3_GABRG2
GAD2_SLC6A12,GABRA3_GABRB3_GABRE
GAD2_SLC6A12,GABRA3_GABRB3_GABRG2
GAD2_SLC6A12,GABRA3_GABRB3_GABRQ
GAD2_SLC6A12,GABRA4_GABRB2_GABRD
GAD2_SLC6A12,GABRA4_GABRB3_GABRD
GAD2_SLC6A12,GABRA4_GABRB3_GABRG2
GAD2_SLC6A12,GABRA5_GABRB3_GABRG2
GAD2_SLC6A12,GABRA6_GABRB3_GABRD
GAD2_SLC6A12,GABRA6_GABRB3_GABRG2
GAD2_SLC6A13,GABBR1
GAD2_SLC6A13,GABBR2
GAD2_SLC6A13,GABRA1_GABRB2
GAD2_SLC6A13,GABRA1_GABRB2_GABRD
GAD2_SLC6A13,GABRA1_GABRB2_GABRG2
GAD2_SLC6A13,GABRA1_GABRB3
GAD2_SLC6A13,GABRA1_GABRB3_GABRG2
GAD2_SLC6A13,GABRA2_GABRB3_GABRG2
GAD2_SLC6A13,GABRA3_GABRB3_GABRE
GAD2_SLC6A13,GABRA3_GABRB3_GABRG2
GAD2_SLC6A13,GABRA3_GABRB3_GABRQ
GAD2_SLC6A13,GABRA4_GABRB2_GABRD
GAD2_SLC6A13,GABRA4_GABRB3_GABRD
GAD2_SLC6A13,GABRA4_GABRB3_GABRG2
GAD2_SLC6A13,GABRA5_GABRB3_GABRG2
GAD2_SLC6A13,GABRA6_GABRB3_GABRD
GAD2_SLC6A13,GABRA6_GABRB3_GABRG2
GAD2_SLC6A6,GABBR1
GAD2_SLC6A6,GABBR2
GAD2_SLC6A6,GABRA1_GABRB2
GAD2_SLC6A6,GABRA1_GABRB2_GABRD
GAD2_SLC6A6,GABRA1_GABRB2_GABRG2
GAD2_SLC6A6,GABRA1_GABRB3
GAD2_SLC6A6,GABRA1_GABRB3_GABRG2
GAD2_SLC6A6,GABRA2_GABRB3_GABRG2
GAD2_SLC6A6,GABRA3_GABRB3_GABRE
GAD2_SLC6A6,GABRA3_GABRB3_GABRG2
GAD2_SLC6A6,GABRA3_GABRB3_GABRQ
GAD2_SLC6A6,GABRA4_GABRB2_GABRD
GAD2_SLC6A6,GABRA4_GABRB3_GABRD
GAD2_SLC6A6,GABRA4_GABRB3_GABRG2
GAD2_SLC6A6,GABRA5_GABRB3_GABRG2
GAD2_SLC6A6,GABRA6_GABRB3_GABRD
GAD2_SLC6A6,GABRA6_GABRB3_GABRG2
GAD2_SLC6A8,GABBR1
GAD2_SLC6A8,GABBR2
GAD2_SLC6A8,GABRA1_GABRB2
GAD2_SLC6A8,GABRA1_GABRB2_GABRD
GAD2_SLC6A8,GABRA1_GABRB2_GABRG2
GAD2_SLC6A8,GABRA1_GABRB3
GAD2_SLC6A8,GABRA1_GABRB3_GABRG2
GAD2_SLC6A8,GABRA2_GABRB3_GABRG2
GAD2_SLC6A8,GABRA3_GABRB3_GABRE
GAD2_SLC6A8,GABRA3_GABRB3_GABRG2
GAD2_SLC6A8,GABRA3_GABRB3_GABRQ
GAD2_SLC6A8,GABRA4_GABRB2_GABRD
GAD2_SLC6A8,GABRA4_GABRB3_GABRD
GAD2_SLC6A8,GABRA4_GABRB3_GABRG2
GAD2_SLC6A8,GABRA5_GABRB3_GABRG2
GAD2_SLC6A8,GABRA6_GABRB3_GABRD
GAD2_SLC6A8,GABRA6_GABRB3_GABRG2
GAL,GALR1
GAL,GALR1_GPR151
GAL,GALR2
GAL,GALR2_GPR151
GAL,GALR3
GAL,GALR3_GPR151
GALP,GALR1
GALP,GALR1_GPR151
GALP,GALR2
GALP,GALR2_GPR151
GALP,GALR3
GALP,GALR3_GPR151
LGALS3,MERTK
LGALS9,BCR_CD22_PTPRC
LGALS9,HAVCR2
LGALS9,P4HB
GAST,ADGRG1
GAST,CCKAR
GAST,CCKBR
GIP,GIPR
GRP,GRPR
GRP,NMBR
GLS_SLC17A6,GRIA1
GLS_SLC17A6,GRIA2
GLS_SLC17A6,GRIA3
GLS_SLC17A6,GRIA4
GLS_SLC17A6,GRIK1
GLS_SLC17A6,GRIK1_GRIK4
GLS_SLC17A6,GRIK1_GRIK5
GLS_SLC17A6,GRIK2
GLS_SLC17A6,GRIK2_GRIK4
GLS_SLC17A6,GRIK2_GRIK5
GLS_SLC17A6,GRIK3
GLS_SLC17A6,GRIK3_GRIK4
GLS_SLC17A6,GRIK3_GRIK5
GLS_SLC17A6,GRIN1_GRIN2A
GLS_SLC17A6,GRIN1_GRIN2B
GLS_SLC17A6,GRIN1_GRIN2C
GLS_SLC17A6,GRIN1_GRIN2D
GLS_SLC17A6,GRM1
GLS_SLC17A6,GRM2
GLS_SLC17A6,GRM3
GLS_SLC17A6,GRM4
GLS_SLC17A6,GRM5
GLS_SLC17A6,GRM6
GLS_SLC17A6,GRM7
GLS_SLC17A6,GRM8
GLS_SLC17A7,GRIA1
GLS_SLC17A7,GRIA2
GLS_SLC17A7,GRIA3
GLS_SLC17A7,GRIA4
GLS_SLC17A7,GRIK1
GLS_SLC17A7,GRIK1_GRIK4
GLS_SLC17A7,GRIK1_GRIK5
GLS_SLC17A7,GRIK2
GLS_SLC17A7,GRIK2_GRIK4
GLS_SLC17A7,GRIK2_GRIK5
GLS_SLC17A7,GRIK3
GLS_SLC17A7,GRIK3_GRIK4
GLS_SLC17A7,GRIK3_GRIK5
GLS_SLC17A7,GRIN1_GRIN2A
GLS_SLC17A7,GRIN1_GRIN2B
GLS_SLC17A7,GRIN1_GRIN2C
GLS_SLC17A7,GRIN1_GRIN2D
GLS_SLC17A7,GRM1
GLS_SLC17A7,GRM2
GLS_SLC17A7,GRM3
GLS_SLC17A7,GRM4
GLS_SLC17A7,GRM5
GLS_SLC17A7,GRM6
GLS_SLC17A7,GRM7
GLS_SLC17A7,GRM8
GLS_SLC17A8,GRIA1
GLS_SLC17A8,GRIA2
GLS_SLC17A8,GRIA3
GLS_SLC17A8,GRIA4
GLS_SLC17A8,GRIK1
GLS_SLC17A8,GRIK1_GRIK4
GLS_SLC17A8,GRIK1_GRIK5
GLS_SLC17A8,GRIK2
GLS_SLC17A8,GRIK2_GRIK4
GLS_SLC17A8,GRIK2_GRIK5
GLS_SLC17A8,GRIK3
GLS_SLC17A8,GRIK3_GRIK4
GLS_SLC17A8,GRIK3_GRIK5
GLS_SLC17A8,GRIN1_GRIN2A
GLS_SLC17A8,GRIN1_GRIN2B
GLS_SLC17A8,GRIN1_GRIN2C
GLS_SLC17A8,GRIN1_GRIN2D
GLS_SLC17A8,GRM1
GLS_SLC17A8,GRM2
GLS_SLC17A8,GRM3
GLS_SLC17A8,GRM4
GLS_SLC17A8,GRM5
GLS_SLC17A8,GRM6
GLS_SLC17A8,GRM7
GLS_SLC17A8,GRM8
GLS_SLC1A1,GRIA1
GLS_SLC1A1,GRIA2
GLS_SLC1A1,GRIA3
GLS_SLC1A1,GRIA4
GLS_SLC1A1,GRIK1
GLS_SLC1A1,GRIK1_GRIK4
GLS_SLC1A1,GRIK1_GRIK5
GLS_SLC1A1,GRIK2
GLS_SLC1A1,GRIK2_GRIK4
GLS_SLC1A1,GRIK2_GRIK5
GLS_SLC1A1,GRIK3
GLS_SLC1A1,GRIK3_GRIK4
GLS_SLC1A1,GRIK3_GRIK5
GLS_SLC1A1,GRIN1_GRIN2A
GLS_SLC1A1,GRIN1_GRIN2B
GLS_SLC1A1,GRIN1_GRIN2C
GLS_SLC1A1,GRIN1_GRIN2D
GLS_SLC1A1,GRM1
GLS_SLC1A1,GRM2
GLS_SLC1A1,GRM3
GLS_SLC1A1,GRM4
GLS_SLC1A1,GRM5
GLS_SLC1A1,GRM6
GLS_SLC1A1,GRM7
GLS_SLC1A1,GRM8
GLS_SLC1A2,GRIA1
GLS_SLC1A2,GRIA2
GLS_SLC1A2,GRIA3
GLS_SLC1A2,GRIA4
GLS_SLC1A2,GRIK1
GLS_SLC1A2,GRIK1_GRIK4
GLS_SLC1A2,GRIK1_GRIK5
GLS_SLC1A2,GRIK2
GLS_SLC1A2,GRIK2_GRIK4
GLS_SLC1A2,GRIK2_GRIK5
GLS_SLC1A2,GRIK3
GLS_SLC1A2,GRIK3_GRIK4
GLS_SLC1A2,GRIK3_GRIK5
GLS_SLC1A2,GRIN1_GRIN2A
GLS_SLC1A2,GRIN1_GRIN2B
GLS_SLC1A2,GRIN1_GRIN2C
GLS_SLC1A2,GRIN1_GRIN2D
GLS_SLC1A2,GRM1
GLS_SLC1A2,GRM2
GLS_SLC1A2,GRM3
GLS_SLC1A2,GRM4
GLS_SLC1A2,GRM5
GLS_SLC1A2,GRM6
GLS_SLC1A2,GRM7
GLS_SLC1A2,GRM8
GLS_SLC1A3,GRIA1
GLS_SLC1A3,GRIA2
GLS_SLC1A3,GRIA3
GLS_SLC1A3,GRIA4
GLS_SLC1A3,GRIK1
GLS_SLC1A3,GRIK1_GRIK4
GLS_SLC1A3,GRIK1_GRIK5
GLS_SLC1A3,GRIK2
GLS_SLC1A3,GRIK2_GRIK4
GLS_SLC1A3,GRIK2_GRIK5
GLS_SLC1A3,GRIK3
GLS_SLC1A3,GRIK3_GRIK4
GLS_SLC1A3,GRIK3_GRIK5
GLS_SLC1A3,GRIN1_GRIN2A
GLS_SLC1A3,GRIN1_GRIN2B
GLS_SLC1A3,GRIN1_GRIN2C
GLS_SLC1A3,GRIN1_GRIN2D
GLS_SLC1A3,GRM1
GLS_SLC1A3,GRM2
GLS_SLC1A3,GRM3
GLS_SLC1A3,GRM4
GLS_SLC1A3,GRM5
GLS_SLC1A3,GRM6
GLS_SLC1A3,GRM7
GLS_SLC1A3,GRM8
GLS_SLC1A6,GRIA1
GLS_SLC1A6,GRIA2
GLS_SLC1A6,GRIA3
GLS_SLC1A6,GRIA4
GLS_SLC1A6,GRIK1
GLS_SLC1A6,GRIK1_GRIK4
GLS_SLC1A6,GRIK1_GRIK5
GLS_SLC1A6,GRIK2
GLS_SLC1A6,GRIK2_GRIK4
GLS_SLC1A6,GRIK2_GRIK5
GLS_SLC1A6,GRIK3
GLS_SLC1A6,GRIK3_GRIK4
GLS_SLC1A6,GRIK3_GRIK5
GLS_SLC1A6,GRIN1_GRIN2A
GLS_SLC1A6,GRIN1_GRIN2B
GLS_SLC1A6,GRIN1_GRIN2C
GLS_SLC1A6,GRIN1_GRIN2D
GLS_SLC1A6,GRM1
GLS_SLC1A6,GRM2
GLS_SLC1A6,GRM3
GLS_SLC1A6,GRM4
GLS_SLC1A6,GRM5
GLS_SLC1A6,GRM6
GLS_SLC1A6,GRM7
GLS_SLC1A6,GRM8
GLS_SLC1A7,GRIA1
GLS_SLC1A7,GRIA2
GLS_SLC1A7,GRIA3
GLS_SLC1A7,GRIA4
GLS_SLC1A7,GRIK1
GLS_SLC1A7,GRIK1_GRIK4
GLS_SLC1A7,GRIK1_GRIK5
GLS_SLC1A7,GRIK2
GLS_SLC1A7,GRIK2_GRIK4
GLS_SLC1A7,GRIK2_GRIK5
GLS_SLC1A7,GRIK3
GLS_SLC1A7,GRIK3_GRIK4
GLS_SLC1A7,GRIK3_GRIK5
GLS_SLC1A7,GRIN1_GRIN2A
GLS_SLC1A7,GRIN1_GRIN2B
GLS_SLC1A7,GRIN1_GRIN2C
GLS_SLC1A7,GRIN1_GRIN2D
GLS_SLC1A7,GRM1
GLS_SLC1A7,GRM2
GLS_SLC1A7,GRM3
GLS_SLC1A7,GRM4
GLS_SLC1A7,GRM5
GLS_SLC1A7,GRM6
GLS_SLC1A7,GRM7
GLS_SLC1A7,GRM8
GLS2_SLC17A6,GRIA1
GLS2_SLC17A6,GRIA2
GLS2_SLC17A6,GRIA3
GLS2_SLC17A6,GRIA4
GLS2_SLC17A6,GRIK1
GLS2_SLC17A6,GRIK1_GRIK4
GLS2_SLC17A6,GRIK1_GRIK5
GLS2_SLC17A6,GRIK2
GLS2_SLC17A6,GRIK2_GRIK4
GLS2_SLC17A6,GRIK2_GRIK5
GLS2_SLC17A6,GRIK3
GLS2_SLC17A6,GRIK3_GRIK4
GLS2_SLC17A6,GRIK3_GRIK5
GLS2_SLC17A6,GRIN1_GRIN2A
GLS2_SLC17A6,GRIN1_GRIN2B
GLS2_SLC17A6,GRIN1_GRIN2C
GLS2_SLC17A6,GRIN1_GRIN2D
GLS2_SLC17A6,GRM1
GLS2_SLC17A6,GRM2
GLS2_SLC17A6,GRM3
GLS2_SLC17A6,GRM4
GLS2_SLC17A6,GRM5
GLS2_SLC17A6,GRM6
GLS2_SLC17A6,GRM7
GLS2_SLC17A6,GRM8
GLS2_SLC17A7,GRIA1
GLS2_SLC17A7,GRIA2
GLS2_SLC17A7,GRIA3
GLS2_SLC17A7,GRIA4
GLS2_SLC17A7,GRIK1
GLS2_SLC17A7,GRIK1_GRIK4
GLS2_SLC17A7,GRIK1_GRIK5
GLS2_SLC17A7,GRIK2
GLS2_SLC17A7,GRIK2_GRIK4
GLS2_SLC17A7,GRIK2_GRIK5
GLS2_SLC17A7,GRIK3
GLS2_SLC17A7,GRIK3_GRIK4
GLS2_SLC17A7,GRIK3_GRIK5
GLS2_SLC17A7,GRIN1_GRIN2A
GLS2_SLC17A7,GRIN1_GRIN2B
GLS2_SLC17A7,GRIN1_GRIN2C
GLS2_SLC17A7,GRIN1_GRIN2D
GLS2_SLC17A7,GRM1
GLS2_SLC17A7,GRM2
GLS2_SLC17A7,GRM3
GLS2_SLC17A7,GRM4
GLS2_SLC17A7,GRM5
GLS2_SLC17A7,GRM6
GLS2_SLC17A7,GRM7
GLS2_SLC17A7,GRM8
GLS2_SLC17A8,GRIA1
GLS2_SLC17A8,GRIA2
GLS2_SLC17A8,GRIA3
GLS2_SLC17A8,GRIA4
GLS2_SLC17A8,GRIK1
GLS2_SLC17A8,GRIK1_GRIK4
GLS2_SLC17A8,GRIK1_GRIK5
GLS2_SLC17A8,GRIK2
GLS2_SLC17A8,GRIK2_GRIK4
GLS2_SLC17A8,GRIK2_GRIK5
GLS2_SLC17A8,GRIK3
GLS2_SLC17A8,GRIK3_GRIK4
GLS2_SLC17A8,GRIK3_GRIK5
GLS2_SLC17A8,GRIN1_GRIN2A
GLS2_SLC17A8,GRIN1_GRIN2B
GLS2_SLC17A8,GRIN1_GRIN2C
GLS2_SLC17A8,GRIN1_GRIN2D
GLS2_SLC17A8,GRM1
GLS2_SLC17A8,GRM2
GLS2_SLC17A8,GRM3
GLS2_SLC17A8,GRM4
GLS2_SLC17A8,GRM5
GLS2_SLC17A8,GRM6
GLS2_SLC17A8,GRM7
GLS2_SLC17A8,GRM8
GLS2_SLC1A1,GRIA1
GLS2_SLC1A1,GRIA2
GLS2_SLC1A1,GRIA3
GLS2_SLC1A1,GRIA4
GLS2_SLC1A1,GRIK1
GLS2_SLC1A1,GRIK1_GRIK4
GLS2_SLC1A1,GRIK1_GRIK5
GLS2_SLC1A1,GRIK2
GLS2_SLC1A1,GRIK2_GRIK4
GLS2_SLC1A1,GRIK2_GRIK5
GLS2_SLC1A1,GRIK3
GLS2_SLC1A1,GRIK3_GRIK4
GLS2_SLC1A1,GRIK3_GRIK5
GLS2_SLC1A1,GRIN1_GRIN2A
GLS2_SLC1A1,GRIN1_GRIN2B
GLS2_SLC1A1,GRIN1_GRIN2C
GLS2_SLC1A1,GRIN1_GRIN2D
GLS2_SLC1A1,GRM1
GLS2_SLC1A1,GRM2
GLS2_SLC1A1,GRM3
GLS2_SLC1A1,GRM4
GLS2_SLC1A1,GRM5
GLS2_SLC1A1,GRM6
GLS2_SLC1A1,GRM7
GLS2_SLC1A1,GRM8
GLS2_SLC1A2,GRIA1
GLS2_SLC1A2,GRIA2
GLS2_SLC1A2,GRIA3
GLS2_SLC1A2,GRIA4
GLS2_SLC1A2,GRIK1
GLS2_SLC1A2,GRIK1_GRIK4
GLS2_SLC1A2,GRIK1_GRIK5
GLS2_SLC1A2,GRIK2
GLS2_SLC1A2,GRIK2_GRIK4
GLS2_SLC1A2,GRIK2_GRIK5
GLS2_SLC1A2,GRIK3
GLS2_SLC1A2,GRIK3_GRIK4
GLS2_SLC1A2,GRIK3_GRIK5
GLS2_SLC1A2,GRIN1_GRIN2A
GLS2_SLC1A2,GRIN1_GRIN2B
GLS2_SLC1A2,GRIN1_GRIN2C
GLS2_SLC1A2,GRIN1_GRIN2D
GLS2_SLC1A2,GRM1
GLS2_SLC1A2,GRM2
GLS2_SLC1A2,GRM3
GLS2_SLC1A2,GRM4
GLS2_SLC1A2,GRM5
GLS2_SLC1A2,GRM6
GLS2_SLC1A2,GRM7
GLS2_SLC1A2,GRM8
GLS2_SLC1A3,GRIA1
GLS2_SLC1A3,GRIA2
GLS2_SLC1A3,GRIA3
GLS2_SLC1A3,GRIA4
GLS2_SLC1A3,GRIK1
GLS2_SLC1A3,GRIK1_GRIK4
GLS2_SLC1A3,GRIK1_GRIK5
GLS2_SLC1A3,GRIK2
GLS2_SLC1A3,GRIK2_GRIK4
GLS2_SLC1A3,GRIK2_GRIK5
GLS2_SLC1A3,GRIK3
GLS2_SLC1A3,GRIK3_GRIK4
GLS2_SLC1A3,GRIK3_GRIK5
GLS2_SLC1A3,GRIN1_GRIN2A
GLS2_SLC1A3,GRIN1_GRIN2B
GLS2_SLC1A3,GRIN1_GRIN2C
GLS2_SLC1A3,GRIN1_GRIN2D
GLS2_SLC1A3,GRM1
GLS2_SLC1A3,GRM2
GLS2_SLC1A3,GRM3
GLS2_SLC1A3,GRM4
GLS2_SLC1A3,GRM5
GLS2_SLC1A3,GRM6
GLS2_SLC1A3,GRM7
GLS2_SLC1A3,GRM8
GLS2_SLC1A6,GRIA1
GLS2_SLC1A6,GRIA2
GLS2_SLC1A6,GRIA3
GLS2_SLC1A6,GRIA4
GLS2_SLC1A6,GRIK1
GLS2_SLC1A6,GRIK1_GRIK4
GLS2_SLC1A6,GRIK1_GRIK5
GLS2_SLC1A6,GRIK2
GLS2_SLC1A6,GRIK2_GRIK4
GLS2_SLC1A6,GRIK2_GRIK5
GLS2_SLC1A6,GRIK3
GLS2_SLC1A6,GRIK3_GRIK4
GLS2_SLC1A6,GRIK3_GRIK5
GLS2_SLC1A6,GRIN1_GRIN2A
GLS2_SLC1A6,GRIN1_GRIN2B
GLS2_SLC1A6,GRIN1_GRIN2C
GLS2_SLC1A6,GRIN1_GRIN2D
GLS2_SLC1A6,GRM1
GLS2_SLC1A6,GRM2
GLS2_SLC1A6,GRM3
GLS2_SLC1A6,GRM4
GLS2_SLC1A6,GRM5
GLS2_SLC1A6,GRM6
GLS2_SLC1A6,GRM7
GLS2_SLC1A6,GRM8
GLS2_SLC1A7,GRIA1
GLS2_SLC1A7,GRIA2
GLS2_SLC1A7,GRIA3
GLS2_SLC1A7,GRIA4
GLS2_SLC1A7,GRIK1
GLS2_SLC1A7,GRIK1_GRIK4
GLS2_SLC1A7,GRIK1_GRIK5
GLS2_SLC1A7,GRIK2
GLS2_SLC1A7,GRIK2_GRIK4
GLS2_SLC1A7,GRIK2_GRIK5
GLS2_SLC1A7,GRIK3
GLS2_SLC1A7,GRIK3_GRIK4
GLS2_SLC1A7,GRIK3_GRIK5
GLS2_SLC1A7,GRIN1_GRIN2A
GLS2_SLC1A7,GRIN1_GRIN2B
GLS2_SLC1A7,GRIN1_GRIN2C
GLS2_SLC1A7,GRIN1_GRIN2D
GLS2_SLC1A7,GRM1
GLS2_SLC1A7,GRM2
GLS2_SLC1A7,GRM3
GLS2_SLC1A7,GRM4
GLS2_SLC1A7,GRM5
GLS2_SLC1A7,GRM6
GLS2_SLC1A7,GRM7
GLS2_SLC1A7,GRM8
SHMT1_SLC6A5,GLRA1_GLRB
SHMT1_SLC6A5,GLRA2
SHMT1_SLC6A9,GLRA1_GLRB
SHMT1_SLC6A9,GLRA2
SHMT2_SLC6A5,GLRA1_GLRB
SHMT2_SLC6A5,GLRA2
SHMT2_SLC6A9,GLRA1_GLRB
SHMT2_SLC6A9,GLRA2
GAS6,AXL
GAS6,MERTK
GAS6,TYRO3
GDF1,ACVR1B_ACVR2B
GDF10,ACVR1B_ACVR2B
GDF11,ACVR1B_ACVR2A
GDF11,ACVR1B_ACVR2B
GDF11,ACVR2A_TGFBR1
GDF11,ACVR2B_TGFBR1
GDF2,ACVR2A_ACVRL1
GDF2,ACVRL1_BMPR2
GDF3,ACVR1B_ACVR2B
GDF5,ACVR2A_BMPR1A
GDF5,ACVR2A_BMPR1B
GDF5,ACVR2B_BMPR1A
GDF5,ACVR2B_BMPR1B
GDF5,BMPR1B_BMPR2
GDF6,ACVR2A_BMPR1A
GDF6,ACVR2A_BMPR1B
GDF6,ACVR2B_BMPR1B
GDF6,BMPR1A_BMPR2
GDF6,BMPR1B_BMPR2
GDF7,ACVR2A_BMPR1A
GDF7,ACVR2A_BMPR1B
GDF7,ACVR2B_BMPR1A
GDF7,ACVR2B_BMPR1B
GDF7,BMPR1A_BMPR2
GDF7,BMPR1B_BMPR2
GDF9,BMPR2_TGFBR1
MSTN,ACVR1B_ACVR2B
MSTN,ACVR2A_TGFBR1
MSTN,ACVR2B_TGFBR1
BTC,ERBB3
BTC,ERBB4
GHRH,GHRHR
GHRL,GHRHR
GHRL,GHSR
GHRL,GPR39
HDC,HRH1
HDC,HRH2
HDC,HRH3
HDC,HRH4
HLA-A,KIR3DL1
HLA-B,KIR3DL2
HLA-C,KIR2DL1
HLA-C,KIR2DL3
HLA-E,KLRC1
HLA-E,KLRC1_KLRD1
HLA-E,KLRC2
HLA-E,KLRC2_KLRD1
HLA-E,KLRC3_KLRD1
HLA-E,KLRK1
HLA-F,KIR3DL1
HLA-F,KIR3DL2
HLA-F,KIR3DS1
HLA-F,LILRB1
HLA-F,LILRB2
HLA-G,LILRB1
HLA-G,LILRB2
MT-RNR2,FPR2
MT-RNR2,FPR3
IHH,BOC_PTCH1
IHH,CDON_PTCH1
IHH,GAS1_PTCH1
IHH,HHIP
INHBA_INHBB,ACVR1_ACVR2A
INHBA_INHBB,ACVR1_ACVR2B
INHBA_INHBB,ACVR1B_ACVR2A
INHBA_INHBB,ACVR1B_ACVR2B
INHBA_INHBB,ACVR1C_ACVR2A
INHBA_INHBB,ACVR1C_ACVR2B
INS,INSR
INSL3,RXFP2
INSL5,RXFP4
IGF1,GPC3_IGF1R
IGF1,IGF1R
IGF1,ITGA6_ITGB4
IGF1,ITGAV_ITGB3
IGF2,IGF1R
IGF2,IGF2R
IGFBP3,TMEM219
IGFL1,IGFLR1
IGFL2,IGFLR1
IGFL3,IGFLR1
IFNA1,IFNAR1_IFNAR2
IFNA10,IFNAR1_IFNAR2
IFNA14,IFNAR1_IFNAR2
IFNA16,IFNAR1_IFNAR2
IFNA17,IFNAR1_IFNAR2
IFNA2,IFNAR1_IFNAR2
IFNA21,IFNAR1_IFNAR2
IFNA4,IFNAR1_IFNAR2
IFNA5,IFNAR1_IFNAR2
IFNA6,IFNAR1_IFNAR2
IFNA7,IFNAR1_IFNAR2
IFNA8,IFNAR1_IFNAR2
IFNB1,IFNAR1_IFNAR2
IFNE,IFNAR1_IFNAR2
IFNG,IFNGR1_IFNGR2
IFNK,IFNAR1_IFNAR2
IFNL1,IFNLR1_IL10RB
IFNL2,IFNLR1_IL10RB
IFNL3,IFNLR1_IL10RB
IFNW1,IFNAR1_IFNAR2
EBI3_IL12A,IL12RB2_IL6ST
EBI3_IL27,IL27RA_IL6ST
IL10,IL10RA_IL10RB
IL11,IL11RA_IL6ST
IL12A_IL12B,IL12RB1_IL12RB2
IL12B_IL23A,IL12RB1_IL23R
IL13,IL13RA1_IL4R
IL13,IL13RA2
IL15,IL15RA_IL2RB
IL17A_IL17F,IL17RA_IL17RC
IL17C,IL17RA_IL17RE
IL17F,IL17RA_IL17RC
IL18,IL18R1_IL18RAP
IL19,IL20RA_IL20RB
IL1A,IL1R1_IL1RAP
IL1A,IL1R2_IL1RAP
IL1B,IL1R1_IL1RAP
IL1B,IL1R2_IL1RAP
IL1F10,IL1RAP_IL1RL2
IL1RAP,PTPRF
IL1RN,IL1R1_IL1RAP
IL1RN,IL1R2_IL1RAP
IL2,IL2RA_IL2RB_IL2RG
IL2,IL2RB_IL2RG
IL20,IL20RA_IL20RB
IL20,IL20RB_IL22RA1
IL21,IL21R_IL2RG
IL22,IL10RB_IL22RA1
IL24,IL20RA_IL20RB
IL24,IL20RB_IL22RA1
IL25,IL17RA_IL17RB
IL26,IL10RB_IL20RA
IL3,CSF2RB_IL3RA
IL33,IL1RAP_IL1RL1
IL34,CSF1R
IL36A,IL1RAP_IL1RL2
IL36B,IL1RAP_IL1RL2
IL36G,IL1RAP_IL1RL2
IL36RN,IL1RAP_IL1RL2
IL37,IL18R1_SIGIRR
IL4,IL13RA1_IL4R
IL4,IL2RG_IL4R
IL5,CSF2RB_IL5RA
IL6,IL6R_IL6ST
IL7,IL2RG_IL7R
IL9,IL2RG_IL9R
RAET1E,HCST_KLRK1
RAET1G,HCST_KLRK1
RAET1L,HCST_KLRK1
ULBP1,HCST_KLRK1
ULBP2,HCST_KLRK1
ULBP3,HCST_KLRK1
KNG1,BDKRB1
KNG1,BDKRB2
KNG1,RXFP4
LEFTY1,TDGF1
LEFTY2,TDGF1
CLEC2A,KLRF2
CLEC2B,KLRF1
LRRC4B,PTPRD
LRRC4B,PTPRF
LRRC4B,PTPRS
LRRC4C,PTPRF
LRFN4,PTPRD
LRFN4,PTPRF
LRFN4,PTPRS
LRFN5,PTPRD
LRFN5,PTPRF
LRFN5,PTPRS
LRRTM1,NRXN1
LRRTM1,NRXN2
LRRTM1,NRXN3
LRRTM2,NRXN1
LRRTM2,NRXN2
LRRTM2,NRXN3
LRRTM3,NRXN1
LRRTM3,NRXN2
LRRTM3,NRXN3
LRRTM4,NRXN1
LRRTM4,NRXN2
LRRTM4,NRXN3
LRRTM4,PTPRS
NCAM1,AGRN
DPEP1,CYSLTR1
DPEP1,CYSLTR2
DPEP2,CYSLTR1
DPEP2,CYSLTR2
DPEP3,CYSLTR1
DPEP3,CYSLTR2
GGT1,CYSLTR1
GGT1,CYSLTR2
GGT1_GGT5,CYSLTR1
GGT1_GGT5,CYSLTR2
GGT1_GGT5,GPR17
LTA4H,GPR17
LTA4H,LTB4R
LTA4H,LTB4R2
LTB,LTBR
LTC4S,CYSLTR1
LTC4S,CYSLTR2
PTGR1,LTB4R
PTGR1,LTB4R2
ALOX12,CYSLTR1
ALOX12,FPR2
ALOX5_ALOX5AP_LTC4S,CYSLTR1
ALOX5_ALOX5AP_LTC4S,CYSLTR2
ALOX5_ALOX5AP_LTC4S,FPR2
ALOX5_ALOX5AP_LTC4S,GPR17
ALOX5_ALOX5AP_LTC4S,OXER1
XCL1,XCR1
XCL2,XCR1
LPAR1,ADGRE5
LPAR2,ADGRE5
LPAR3,ADGRE5
ASMT,MTNR1A
ASMT,MTNR1B
MDK,ALK
MDK,PTPRZ1
AMH,ACVR1_AMHR2
AMH,AMHR2_BMPR1A
AMH,AMHR2_BMPR1B
NECTIN2,TIGIT
NECTIN3,PVR
NECTIN3,TIGIT
NTN1,DCC
NTN1,DSCAM
NTN1,UNC5A
NTN1,UNC5B
NTN1,UNC5C
NTN4,NTRK2
NTN4,UNC5B
NTN4,UNC5D
NRG1,ERBB3
NRG1,ERBB4
NRG1,ITGA6_ITGB4
NRG2,ERBB3
NRG2,ERBB4
NRG3,ERBB4
NRG4,ERBB4
NRXN1,ADGRL1
NRXN1,DAG1
NRXN2,ADGRL1
NRXN2,DAG1
NRXN3,ADGRL1
NLGN1,NRXN1
NLGN1,NRXN2
NLGN1,NRXN3
NLGN2,NRXN1
NLGN2,NRXN2
NLGN2,NRXN3
NLGN3,NRXN1
NLGN3,NRXN2
NLGN3,NRXN3
NLGN3,PTPRD
NLGN4X,NRXN1
NLGN4X,NRXN2
NLGN4X,NRXN3
NLGN4Y,NRXN1
NLGN4Y,NRXN2
NMB,GRPR
NMB,NMBR
NMS,NMUR1
NMS,NMUR2
NMU,NMUR1
NMU,NMUR2
NPB,NPBWR1
NPB,NPBWR2
NPFF,NPFFR1
NPFF,NPFFR2
NPPA,NPR1
NPS,NPSR1
NPW,NPBWR1
NPW,NPBWR2
NTS,NTSR1
NTS,NTSR2
NTS,SORT1
NRTN,GFRA2_RET
NTF3,NGFR
NTF3,NTRK1
NTF3,NTRK2
NTF3,NTRK3
NTF4,NGFR
NTF4,NTRK2
NODAL,ACVR1B_ACVR2A_CFC1
NODAL,ACVR1B_ACVR2A_TDGF1
NODAL,ACVR1B_ACVR2B_CFC1
NODAL,ACVR1B_ACVR2B_TDGF1
NODAL,ACVR1C_ACVR2B_CFC1
NODAL,ACVR1C_ACVR2B_TDGF1
DBH_SLC18A1,ADRA1A
DBH_SLC18A1,ADRA1B
DBH_SLC18A1,ADRA1D
DBH_SLC18A1,ADRA2A
DBH_SLC18A1,ADRA2B
DBH_SLC18A1,ADRA2C
DBH_SLC18A1,ADRB1
DBH_SLC18A1,ADRB2
DBH_SLC18A1,ADRB3
DBH_SLC18A2,ADRA1A
DBH_SLC18A2,ADRA1B
DBH_SLC18A2,ADRA1D
DBH_SLC18A2,ADRA2A
DBH_SLC18A2,ADRA2B
DBH_SLC18A2,ADRA2C
DBH_SLC18A2,ADRB1
DBH_SLC18A2,ADRB2
DBH_SLC18A2,ADRB3
DBH_SLC6A2,ADRA1A
DBH_SLC6A2,ADRA1B
DBH_SLC6A2,ADRA1D
DBH_SLC6A2,ADRA2A
DBH_SLC6A2,ADRA2B
DBH_SLC6A2,ADRA2C
DBH_SLC6A2,ADRB1
DBH_SLC6A2,ADRB2
DBH_SLC6A2,ADRB3
CNTN1,NOTCH1
CNTN1,NOTCH2
DLK1,NOTCH1
DLK1,NOTCH2
DLK1,NOTCH3
DLK1,NOTCH4
DLL1,NOTCH1
DLL1,NOTCH2
DLL1,NOTCH3
DLL1,NOTCH4
DLL3,NOTCH1
DLL3,NOTCH2
DLL3,NOTCH3
DLL3,NOTCH4
DLL4,NOTCH1
DLL4,NOTCH2
DLL4,NOTCH3
DLL4,NOTCH4
JAG1,NOTCH1
JAG1,NOTCH2
JAG1,NOTCH3
JAG1,NOTCH4
JAG2,NOTCH1
JAG2,NOTCH2
JAG2,NOTCH3
JAG2,NOTCH4
OSM,IL6ST_LIFR
OSM,IL6ST_OSMR
PDYN,OPRD1
PDYN,OPRK1
PDYN,OPRM1
PENK,OPRD1
PENK,OPRK1
PENK,OPRM1
PNOC,OPRL1
HCRT,HCRTR1
HCRT,HCRTR2
OXT,AVPR1A
OXT,AVPR1B
OXT,AVPR2
OXT,OXTR
PTH,PTH1R
PTH,PTH2R
PTH2,PTH1R
PTH2,PTH2R
PTHLH,PRLHR
PTHLH,PTH1R
PTHLH,PTH2R
ADCYAP1,ADCYAP1R1
ADCYAP1,VIPR1
ADCYAP1,VIPR2
PGF,FLT1
PGF,FLT1_KDR
PGF,NRP1
PGF,NRP2
PLAU,PLAUR
PLAUR,ITGA4_ITGB1
PLAUR,ITGAV_ITGB3
PDGFA,PDGFRA
PDGFB,PDGFRA
PDGFB,PDGFRA_PDGFRB
PDGFB,PDGFRB
PDGFC,PDGFRA
PDGFD,PDGFRA_PDGFRB
PDGFD,PDGFRB
PTN,ALK
PTN,PTPRZ1
PODXL,SELL
PODXL2,SELE
PODXL2,SELL
PODXL2,SELP
POMC,MC1R
PVR,CD226
PVR,CD96
PVR,TIGIT
GCG,GCGR
GCG,GLP1R
GCG,GLP2R
PMCH,MCHR1
PMCH,MCHR2
NPY,NPY1R
NPY,NPY2R
NPY,NPY4R
NPY,NPY5R
NPY,PRLHR
HSD3B1,CATSPER1_CATSPERB
HSD3B1,CATSPER1_CATSPERD
HSD3B1,CATSPER2_CATSPERB
HSD3B1,CATSPER2_CATSPERD
HSD3B1,CATSPER3_CATSPERB
HSD3B1,CATSPER3_CATSPERD
HSD3B1,CATSPER4_CATSPERB
HSD3B1,CATSPER4_CATSPERD
HSD3B1,PGR
GNRH1,GNRHR
GNRH1,GNRHR2
GNRH2,GNRHR
GNRH2,GNRHR2
PROK1,PROKR1
PROK1,PROKR2
PROK2,PROKR1
PROK2,PROKR2
PRL,PRLR
PRLH,PRLHR
POMC,MC2R
POMC,MC3R
POMC,MC4R
POMC,MC5R
POMC,OPRD1
POMC,OPRK1
POMC,OPRM1
RLN1,RXFP1
RLN1,RXFP2
RLN1,RXFP3
RLN2,RXFP1
RLN2,RXFP2
RLN2,RXFP3
RLN3,RXFP1
RLN3,RXFP2
RLN3,RXFP3
RLN3,RXFP4
PSAP,GPR37
PSAP,GPR37L1
AKR1B1,PTGFR
AKR1C3,PTGDR
AKR1C3,PTGDR2
AKR1C3,PTGFR
CBR1,PTGFR
PTGDS,PTGDR
PTGDS,PTGDR2
PTGES,PTGER1
PTGES,PTGER2
PTGES,PTGER3
PTGES,PTGER4
PTGES2,PTGER1
PTGES2,PTGER2
PTGES2,PTGER3
PTGES2,PTGER4
PTGES3,PTGER1
PTGES3,PTGER2
PTGES3,PTGER3
PTGES3,PTGER4
PPY,NPY1R
PPY,NPY2R
PPY,NPY4R
PPY,NPY5R
PYY,NPY1R
PYY,NPY2R
PYY,NPY4R
PYY,NPY5R
RSPO1,FZD8_LRP6
RSPO1,KREMEN1_LRP6
RSPO1,LGR4
RSPO1,LGR5
RSPO1,LGR6
RSPO2,LGR4
RSPO2,LGR5
RSPO2,LGR6
RSPO3,LGR4
RSPO3,LGR5
RSPO3,LGR6
RSPO4,LGR4
RSPO4,LGR5
RSPO4,LGR6
RELN,LRP8
RELN,VLDLR
ALDH1A1,CRABP2_RARA
ALDH1A1,CRABP2_RARA_RXRA
ALDH1A1,CRABP2_RARB
ALDH1A1,CRABP2_RARB_RXRB
ALDH1A1,CRABP2_RARG
ALDH1A1,CRABP2_RARG_RXRG
ALDH1A1,CRABP2_RXRA
ALDH1A1,CRABP2_RXRB
ALDH1A1,CRABP2_RXRG
ALDH1A1,RORB
ALDH1A2,CRABP2_RARA
ALDH1A2,CRABP2_RARA_RXRA
ALDH1A2,CRABP2_RARB
ALDH1A2,CRABP2_RARB_RXRB
ALDH1A2,CRABP2_RARG
ALDH1A2,CRABP2_RARG_RXRG
ALDH1A2,CRABP2_RXRA
ALDH1A2,CRABP2_RXRB
ALDH1A2,CRABP2_RXRG
ALDH1A2,RORB
ALDH1A3,CRABP2_RARA
ALDH1A3,CRABP2_RARA_RXRA
ALDH1A3,CRABP2_RARB
ALDH1A3,CRABP2_RARB_RXRB
ALDH1A3,CRABP2_RARG
ALDH1A3,CRABP2_RARG_RXRG
ALDH1A3,CRABP2_RXRA
ALDH1A3,CRABP2_RXRB
ALDH1A3,CRABP2_RXRG
ALDH1A3,RORB
RARRES2,CCRL2
RARRES2,CMKLR1
RARRES2,GPR1
SOSTDC1,LRP5
SOSTDC1,LRP6
SCT,SCTR
SCT,VIPR1
SCT,VIPR2
SELE,GLG1
SELPLG,SELE
SELPLG,SELL
SELPLG,SELP
SEMA3A,NRP1
SEMA3A,NRP1_PLXNA1
SEMA3A,NRP1_PLXNA2
SEMA3A,NRP1_PLXNA3
SEMA3A,NRP1_PLXNA4
SEMA3C,NRP2
SEMA3E,PLXND1
SEMA3F,NRP2
SEMA4A,PLXND1
SEMA4C,PLXNB2
SEMA4D,CD72
SEMA4D,PLXNB1
SEMA4D,PLXNB2
SEMA4D,PTPRC
SEMA4G,PLXNB2
SEMA5A,PLXNB3
SEMA6A,NRP1_PLXNA2
SEMA6D,KDR_PLXNA1
SEMA6D,PLXNA1_TREM2_TYROBP
SEMA7A,ITGA1_ITGB1
SEMA7A,PLXNC1
SLC18A1_TPH1,HTR1A
SLC18A1_TPH1,HTR1B
SLC18A1_TPH1,HTR1D
SLC18A1_TPH1,HTR1E
SLC18A1_TPH1,HTR1F
SLC18A1_TPH1,HTR2A
SLC18A1_TPH1,HTR2B
SLC18A1_TPH1,HTR2C
SLC18A1_TPH1,HTR3A_HTR3B_HTR3C_HTR3D_HTR3E
SLC18A1_TPH1,HTR4
SLC18A1_TPH1,HTR5A
SLC18A1_TPH1,HTR6
SLC18A1_TPH1,HTR7
SLC18A1_TPH2,HTR1A
SLC18A1_TPH2,HTR1B
SLC18A1_TPH2,HTR1D
SLC18A1_TPH2,HTR1E
SLC18A1_TPH2,HTR1F
SLC18A1_TPH2,HTR2A
SLC18A1_TPH2,HTR2B
SLC18A1_TPH2,HTR2C
SLC18A1_TPH2,HTR3A_HTR3B_HTR3C_HTR3D_HTR3E
SLC18A1_TPH2,HTR4
SLC18A1_TPH2,HTR5A
SLC18A1_TPH2,HTR6
SLC18A1_TPH2,HTR7
SLC18A2_TPH1,HTR1A
SLC18A2_TPH1,HTR1B
SLC18A2_TPH1,HTR1D
SLC18A2_TPH1,HTR1E
SLC18A2_TPH1,HTR1F
SLC18A2_TPH1,HTR2A
SLC18A2_TPH1,HTR2B
SLC18A2_TPH1,HTR2C
SLC18A2_TPH1,HTR3A_HTR3B_HTR3C_HTR3D_HTR3E
SLC18A2_TPH1,HTR4
SLC18A2_TPH1,HTR5A
SLC18A2_TPH1,HTR6
SLC18A2_TPH1,HTR7
SLC18A2_TPH2,HTR1A
SLC18A2_TPH2,HTR1B
SLC18A2_TPH2,HTR1D
SLC18A2_TPH2,HTR1E
SLC18A2_TPH2,HTR1F
SLC18A2_TPH2,HTR2A
SLC18A2_TPH2,HTR2B
SLC18A2_TPH2,HTR2C
SLC18A2_TPH2,HTR3A_HTR3B_HTR3C_HTR3D_HTR3E
SLC18A2_TPH2,HTR4
SLC18A2_TPH2,HTR5A
SLC18A2_TPH2,HTR6
SLC18A2_TPH2,HTR7
SLC6A4_TPH1,HTR1A
SLC6A4_TPH1,HTR1B
SLC6A4_TPH1,HTR1D
SLC6A4_TPH1,HTR1E
SLC6A4_TPH1,HTR1F
SLC6A4_TPH1,HTR2A
SLC6A4_TPH1,HTR2B
SLC6A4_TPH1,HTR2C
SLC6A4_TPH1,HTR3A_HTR3B_HTR3C_HTR3D_HTR3E
SLC6A4_TPH1,HTR4
SLC6A4_TPH1,HTR5A
SLC6A4_TPH1,HTR6
SLC6A4_TPH1,HTR7
SLC6A4_TPH2,HTR1A
SLC6A4_TPH2,HTR1B
SLC6A4_TPH2,HTR1D
SLC6A4_TPH2,HTR1E
SLC6A4_TPH2,HTR1F
SLC6A4_TPH2,HTR2A
SLC6A4_TPH2,HTR2B
SLC6A4_TPH2,HTR2C
SLC6A4_TPH2,HTR3A_HTR3B_HTR3C_HTR3D_HTR3E
SLC6A4_TPH2,HTR4
SLC6A4_TPH2,HTR5A
SLC6A4_TPH2,HTR6
SLC6A4_TPH2,HTR7
DDC,DRD1
DDC,DRD2
DDC,DRD3
DDC,DRD4
DDC,DRD5
DDC,HTR1A
DDC,HTR1B
DDC,HTR1D
DDC,HTR1E
DDC,HTR1F
DDC,HTR2A
DDC,HTR2B
DDC,HTR2C
DDC,HTR3A
DDC,HTR3B
DDC,HTR3C
DDC,HTR3D
DDC,HTR3E
DDC,HTR4
DDC,HTR5A
DDC,HTR6
DDC,HTR7
DDC,TAAR1
DDC_SLC18A1,DRD1
DDC_SLC18A1,DRD2
DDC_SLC18A1,DRD3
DDC_SLC18A1,DRD4
DDC_SLC18A1,DRD5
DDC_SLC18A2,DRD1
DDC_SLC18A2,DRD2
DDC_SLC18A2,DRD3
DDC_SLC18A2,DRD4
DDC_SLC18A2,DRD5
DDC_SLC6A3,DRD1
DDC_SLC6A3,DRD2
DDC_SLC6A3,DRD3
DDC_SLC6A3,DRD4
DDC_SLC6A3,DRD5
SLITRK1,PTPRD
SLITRK1,PTPRS
SLITRK2,PTPRD
SLITRK2,PTPRS
SLITRK3,PTPRD
SLITRK4,OLR1
SLITRK4,PTPRS
SLITRK5,PTPRS
SLITRK6,PTPRS
SLIT1,ROBO1
SLIT2,ROBO1
SLIT2,ROBO2
CORT,SSTR1
CORT,SSTR2
CORT,SSTR3
CORT,SSTR4
CORT,SSTR5
GH1,GHR
GH2,GHR
SST,SSTR1
SST,SSTR2
SST,SSTR3
SST,SSTR4
SST,SSTR5
SHH,BOC_PTCH1
SHH,BOC_PTCH2
SHH,CDON_PTCH1
SHH,CDON_PTCH2
SHH,GAS1_PTCH1
SHH,GAS1_PTCH2
SHH,HHIP
SPX,GALR2_GPR151
SPX,GALR3_GPR151
SDC1,ADGRA2
SDC2,ADGRA2
TAC1,TACR1
TAC1,TACR2
TAC1,TACR3
TAC3,TACR1
TAC3,TACR2
TAC3,TACR3
TAFA1,GPR1
TAFA4,FPR1
TAFA5,FPR2
TAFA5,S1PR2
TENM1,ADGRL1
TENM1,ADGRL2
TENM1,ADGRL3
TENM2,ADGRL1
TENM2,ADGRL2
TENM2,ADGRL3
TENM3,ADGRL1
TENM3,ADGRL2
TENM3,ADGRL3
TENM4,ADGRL1
TENM4,ADGRL2
TENM4,ADGRL3
AKR1D1,AR
THBS1,CD36
THBS2,CD36
TAX1BP3,ADGRB1
TAX1BP3,ADGRB2
TBXAS1,TBXA2R
THY1,ADGRE2
THY1,ADGRE5
THY1,ITGAM_ITGB2
THY1,ITGAV_ITGB3
THY1,ITGAX_ITGB2
TF,TFR2
TF,TFRC
TGFA,EGFR
TGFB1,ACVR1_TGFBR2
TGFB1,ITGAV_ITGB6
TGFB1,TGFBR1_TGFBR2
TGFB1,TGFBR3
TGFB2,ACVR1_TGFBR2
TGFB2,TGFBR1_TGFBR2
TGFB2,TGFBR3
TGFB3,ACVR1_TGFBR2
TGFB3,ITGAV_ITGB6
TGFB3,ITGAV_ITGB8
TGFB3,TGFBR1_TGFBR2
TGFB3,TGFBR3
DIO3_TG,THRA
DIO3_TG,THRB
BTLA,TNFRSF14
CD160,TNFRSF14
FASLG,FAS
FASLG,TNFRSF6B
LTA,TNFRSF14
LTA,TNFRSF1A
LTA,TNFRSF1B
TNF,TNFRSF1A
TNF,TNFRSF1B
TNFSF10,TNFRSF10A
TNFSF10,TNFRSF10B
TNFSF10,TNFRSF10C
TNFSF10,TNFRSF10D
TNFSF10,TNFRSF11B
TNFSF11,TNFRSF11A
TNFSF11,TNFRSF11B
TNFSF12,TNFRSF12A
TNFSF12,TNFRSF25
TNFSF13,TNFRSF13B
TNFSF13,TNFRSF17
TNFSF13B,TNFRSF13B
TNFSF13B,TNFRSF13C
TNFSF13B,TNFRSF17
TNFSF14,LTBR
TNFSF14,TNFRSF14
TNFSF14,TNFRSF6B
TNFSF15,TNFRSF25
TNFSF15,TNFRSF6B
TNFSF18,TNFRSF18
TNFSF4,TNFRSF4
TNFSF8,TNFRSF8
TNFSF9,TNFRSF9
UCN,CRHR1
UCN,CRHR2
UCN2,CRHR1
UCN2,CRHR2
UCN3,CRHR2
UTS2,UTS2R
UTS2B,UTS2R
VEGFA,FLT1
VEGFA,FLT1_KDR
VEGFA,KDR
VEGFA,NRP1
VEGFA,NRP2
VEGFB,FLT1
VEGFB,FLT1_KDR
VEGFB,NRP1
VEGFC,FLT4
VEGFC,KDR
VEGFD,FLT4
VEGFD,KDR
VIP,ADCYAP1R1
VIP,SCTR
VIP,VIPR1
VIP,VIPR2
AVP,AVPR1A
AVP,AVPR1B
AVP,AVPR2
AVP,OXTR
VWF,GP1BA_GP1BB
VWF,ITGAV_ITGB3
DKK1,LRP5
DKK1,LRP6
DKK2,LRP6
WNT1,CER1
WNT1,FRZB
WNT1,FZD1_LRP5
WNT1,FZD1_LRP6
WNT1,FZD10_LRP5
WNT1,FZD10_LRP6
WNT1,FZD2_LRP5
WNT1,FZD2_LRP6
WNT1,FZD3_LRP5
WNT1,FZD3_LRP6
WNT1,FZD4_LRP5
WNT1,FZD4_LRP6
WNT1,FZD5_LRP5
WNT1,FZD5_LRP6
WNT1,FZD6_LRP5
WNT1,FZD6_LRP6
WNT1,FZD7_LRP5
WNT1,FZD7_LRP6
WNT1,FZD8_LRP5
WNT1,FZD8_LRP6
WNT1,FZD8_RYK
WNT1,FZD9_LRP5
WNT1,FZD9_LRP6
WNT1,SFRP1
WNT1,SFRP2
WNT1,SFRP4
WNT1,SFRP5
WNT1,WIF1
WNT10A,FRZB
WNT10A,FZD1_LRP5
WNT10A,FZD1_LRP6
WNT10A,FZD5_LRP5
WNT10A,FZD5_LRP6
WNT10A,FZD7_LRP5
WNT10A,FZD7_LRP6
WNT10A,FZD8_LRP5
WNT10A,FZD8_LRP6
WNT11,CER1
WNT11,FRZB
WNT11,FZD1_LRP5
WNT11,FZD1_LRP6
WNT11,FZD10_LRP5
WNT11,FZD10_LRP6
WNT11,FZD2_LRP5
WNT11,FZD2_LRP6
WNT11,FZD3_LRP5
WNT11,FZD3_LRP6
WNT11,FZD4_LRP5
WNT11,FZD4_LRP6
WNT11,FZD5_LRP5
WNT11,FZD5_LRP6
WNT11,FZD6_LRP5
WNT11,FZD6_LRP6
WNT11,FZD7_LRP5
WNT11,FZD7_LRP6
WNT11,FZD8_LRP5
WNT11,FZD8_LRP6
WNT11,FZD9_LRP5
WNT11,FZD9_LRP6
WNT11,SFRP1
WNT11,SFRP2
WNT11,SFRP4
WNT11,SFRP5
WNT11,WIF1
WNT16,CER1
WNT16,FRZB
WNT16,FZD1_LRP5
WNT16,FZD1_LRP6
WNT16,FZD10_LRP5
WNT16,FZD10_LRP6
WNT16,FZD2_LRP5
WNT16,FZD2_LRP6
WNT16,FZD3_LRP5
WNT16,FZD3_LRP6
WNT16,FZD4_LRP5
WNT16,FZD4_LRP6
WNT16,FZD5_LRP5
WNT16,FZD5_LRP6
WNT16,FZD6_LRP5
WNT16,FZD6_LRP6
WNT16,FZD7_LRP5
WNT16,FZD7_LRP6
WNT16,FZD8_LRP5
WNT16,FZD8_LRP6
WNT16,FZD9_LRP5
WNT16,FZD9_LRP6
WNT16,SFRP1
WNT16,SFRP2
WNT16,SFRP4
WNT16,SFRP5
WNT16,WIF1
WNT2,CER1
WNT2,FRZB
WNT2,FZD1_LRP5
WNT2,FZD1_LRP6
WNT2,FZD10_LRP5
WNT2,FZD10_LRP6
WNT2,FZD2_LRP5
WNT2,FZD2_LRP6
WNT2,FZD3_LRP5
WNT2,FZD3_LRP6
WNT2,FZD4_LRP5
WNT2,FZD4_LRP6
WNT2,FZD5_LRP5
WNT2,FZD5_LRP6
WNT2,FZD6_LRP5
WNT2,FZD6_LRP6
WNT2,FZD7_LRP5
WNT2,FZD7_LRP6
WNT2,FZD8_LRP5
WNT2,FZD8_LRP6
WNT2,FZD9_LRP5
WNT2,FZD9_LRP6
WNT2,SFRP1
WNT2,SFRP2
WNT2,SFRP4
WNT2,SFRP5
WNT2,WIF1
WNT2B,CER1
WNT2B,FRZB
WNT2B,FZD1_LRP5
WNT2B,FZD1_LRP6
WNT2B,FZD10_LRP5
WNT2B,FZD10_LRP6
WNT2B,FZD2_LRP5
WNT2B,FZD2_LRP6
WNT2B,FZD3_LRP5
WNT2B,FZD3_LRP6
WNT2B,FZD4_LRP5
WNT2B,FZD4_LRP6
WNT2B,FZD5_LRP5
WNT2B,FZD5_LRP6
WNT2B,FZD6_LRP5
WNT2B,FZD6_LRP6
WNT2B,FZD7_LRP5
WNT2B,FZD7_LRP6
WNT2B,FZD8_LRP5
WNT2B,FZD8_LRP6
WNT2B,FZD9_LRP5
WNT2B,FZD9_LRP6
WNT2B,SFRP1
WNT2B,SFRP2
WNT2B,SFRP4
WNT2B,SFRP5
WNT2B,WIF1
WNT3,CER1
WNT3,FRZB
WNT3,FZD1_LRP5
WNT3,FZD1_LRP6
WNT3,FZD10_LRP5
WNT3,FZD10_LRP6
WNT3,FZD2_LRP5
WNT3,FZD2_LRP6
WNT3,FZD3_LRP5
WNT3,FZD3_LRP6
WNT3,FZD4_LRP5
WNT3,FZD4_LRP6
WNT3,FZD5_LRP5
WNT3,FZD5_LRP6
WNT3,FZD6_LRP5
WNT3,FZD6_LRP6
WNT3,FZD7_LRP5
WNT3,FZD7_LRP6
WNT3,FZD8_LRP5
WNT3,FZD8_LRP6
WNT3,FZD8_RYK
WNT3,FZD9_LRP5
WNT3,FZD9_LRP6
WNT3,SFRP1
WNT3,SFRP2
WNT3,SFRP4
WNT3,SFRP5
WNT3,WIF1
WNT3A,CER1
WNT3A,FRZB
WNT3A,FZD1_LRP5
WNT3A,FZD1_LRP6
WNT3A,FZD10_LRP5
WNT3A,FZD10_LRP6
WNT3A,FZD2_LRP5
WNT3A,FZD2_LRP6
WNT3A,FZD3_LRP5
WNT3A,FZD3_LRP6
WNT3A,FZD4_LRP5
WNT3A,FZD4_LRP6
WNT3A,FZD5_LRP5
WNT3A,FZD5_LRP6
WNT3A,FZD6_LRP5
WNT3A,FZD6_LRP6
WNT3A,FZD7_LRP5
WNT3A,FZD7_LRP6
WNT3A,FZD8_LRP5
WNT3A,FZD8_LRP6
WNT3A,FZD8_RYK
WNT3A,FZD9_LRP5
WNT3A,FZD9_LRP6
WNT3A,SFRP1
WNT3A,SFRP2
WNT3A,SFRP4
WNT3A,SFRP5
WNT3A,WIF1
WNT4,CER1
WNT4,FRZB
WNT4,FZD1_LRP5
WNT4,FZD1_LRP6
WNT4,FZD10_LRP5
WNT4,FZD10_LRP6
WNT4,FZD2_LRP5
WNT4,FZD2_LRP6
WNT4,FZD3_LRP5
WNT4,FZD3_LRP6
WNT4,FZD4_LRP5
WNT4,FZD4_LRP6
WNT4,FZD5_LRP5
WNT4,FZD5_LRP6
WNT4,FZD6_LRP5
WNT4,FZD6_LRP6
WNT4,FZD7_LRP5
WNT4,FZD7_LRP6
WNT4,FZD8_LRP5
WNT4,FZD8_LRP6
WNT4,FZD9_LRP5
WNT4,FZD9_LRP6
WNT4,SFRP1
WNT4,SFRP2
WNT4,SFRP4
WNT4,SFRP5
WNT4,WIF1
WNT5A,CER1
WNT5A,FRZB
WNT5A,FZD10_LRP5
WNT5A,FZD10_LRP6
WNT5A,FZD2_LRP5
WNT5A,FZD2_LRP6
WNT5A,FZD3_LRP5
WNT5A,FZD3_LRP6
WNT5A,FZD4_LRP5
WNT5A,FZD4_LRP6
WNT5A,FZD5_LRP5
WNT5A,FZD5_LRP6
WNT5A,FZD6_LRP5
WNT5A,FZD6_LRP6
WNT5A,FZD7_LRP5
WNT5A,FZD7_LRP6
WNT5A,FZD8_LRP5
WNT5A,FZD8_LRP6
WNT5A,FZD8_RYK
WNT5A,FZD9_LRP5
WNT5A,FZD9_LRP6
WNT5A,ROR1
WNT5A,ROR2
WNT5A,SFRP1
WNT5A,SFRP2
WNT5A,SFRP4
WNT5A,SFRP5
WNT5A,WIF1
WNT5B,CER1
WNT5B,FRZB
WNT5B,FZD1_LRP5
WNT5B,FZD1_LRP6
WNT5B,FZD10_LRP5
WNT5B,FZD10_LRP6
WNT5B,FZD2_LRP5
WNT5B,FZD2_LRP6
WNT5B,FZD3_LRP5
WNT5B,FZD3_LRP6
WNT5B,FZD4_LRP5
WNT5B,FZD4_LRP6
WNT5B,FZD5_LRP5
WNT5B,FZD5_LRP6
WNT5B,FZD6_LRP5
WNT5B,FZD6_LRP6
WNT5B,FZD7_LRP5
WNT5B,FZD7_LRP6
WNT5B,FZD8_LRP5
WNT5B,FZD8_LRP6
WNT5B,FZD9_LRP5
WNT5B,FZD9_LRP6
WNT5B,SFRP1
WNT5B,SFRP2
WNT5B,SFRP4
WNT5B,SFRP5
WNT5B,WIF1
WNT6,CER1
WNT6,FRZB
WNT6,FZD1_LRP5
WNT6,FZD1_LRP6
WNT6,FZD10_LRP5
WNT6,FZD10_LRP6
WNT6,FZD2_LRP5
WNT6,FZD2_LRP6
WNT6,FZD3_LRP5
WNT6,FZD3_LRP6
WNT6,FZD4_LRP5
WNT6,FZD4_LRP6
WNT6,FZD5_LRP5
WNT6,FZD5_LRP6
WNT6,FZD6_LRP5
WNT6,FZD6_LRP6
WNT6,FZD7_LRP5
WNT6,FZD7_LRP6
WNT6,FZD8_LRP5
WNT6,FZD8_LRP6
WNT6,FZD9_LRP5
WNT6,FZD9_LRP6
WNT6,SFRP1
WNT6,SFRP2
WNT6,SFRP4
WNT6,SFRP5
WNT6,WIF1
WNT7A,CER1
WNT7A,FRZB
WNT7A,FZD1_LRP5
WNT7A,FZD1_LRP6
WNT7A,FZD10_LRP5
WNT7A,FZD10_LRP6
WNT7A,FZD2_LRP5
WNT7A,FZD2_LRP6
WNT7A,FZD3_LRP5
WNT7A,FZD3_LRP6
WNT7A,FZD4_LRP5
WNT7A,FZD4_LRP6
WNT7A,FZD5_LRP5
WNT7A,FZD5_LRP6
WNT7A,FZD6_LRP5
WNT7A,FZD6_LRP6
WNT7A,FZD7_LRP5
WNT7A,FZD7_LRP6
WNT7A,FZD8_LRP5
WNT7A,FZD8_LRP6
WNT7A,FZD9_LRP5
WNT7A,FZD9_LRP6
WNT7A,SFRP1
WNT7A,SFRP2
WNT7A,SFRP4
WNT7A,SFRP5
WNT7A,WIF1
WNT7B,CER1
WNT7B,FRZB
WNT7B,FZD1_LRP5
WNT7B,FZD1_LRP6
WNT7B,FZD10_LRP5
WNT7B,FZD10_LRP6
WNT7B,FZD2_LRP5
WNT7B,FZD2_LRP6
WNT7B,FZD3_LRP5
WNT7B,FZD3_LRP6
WNT7B,FZD4_LRP5
WNT7B,FZD4_LRP6
WNT7B,FZD5_LRP5
WNT7B,FZD5_LRP6
WNT7B,FZD6_LRP5
WNT7B,FZD6_LRP6
WNT7B,FZD7_LRP5
WNT7B,FZD7_LRP6
WNT7B,FZD8_LRP5
WNT7B,FZD8_LRP6
WNT7B,FZD9_LRP5
WNT7B,FZD9_LRP6
WNT7B,SFRP1
WNT7B,SFRP2
WNT7B,SFRP4
WNT7B,SFRP5
WNT7B,WIF1
WNT8A,CER1
WNT8A,FRZB
WNT8A,FZD1_LRP5
WNT8A,FZD1_LRP6
WNT8A,FZD10_LRP5
WNT8A,FZD10_LRP6
WNT8A,FZD2_LRP5
WNT8A,FZD2_LRP6
WNT8A,FZD3_LRP5
WNT8A,FZD3_LRP6
WNT8A,FZD4_LRP5
WNT8A,FZD4_LRP6
WNT8A,FZD5_LRP5
WNT8A,FZD5_LRP6
WNT8A,FZD6_LRP5
WNT8A,FZD6_LRP6
WNT8A,FZD7_LRP5
WNT8A,FZD7_LRP6
WNT8A,FZD8_LRP5
WNT8A,FZD8_LRP6
WNT8A,FZD9_LRP5
WNT8A,FZD9_LRP6
WNT8A,SFRP1
WNT8A,SFRP2
WNT8A,SFRP4
WNT8A,SFRP5
WNT8A,WIF1
WNT8B,CER1
WNT8B,FRZB
WNT8B,FZD1_LRP5
WNT8B,FZD1_LRP6
WNT8B,FZD10_LRP5
WNT8B,FZD10_LRP6
WNT8B,FZD2_LRP5
WNT8B,FZD2_LRP6
WNT8B,FZD3_LRP5
WNT8B,FZD3_LRP6
WNT8B,FZD4_LRP5
WNT8B,FZD4_LRP6
WNT8B,FZD5_LRP5
WNT8B,FZD5_LRP6
WNT8B,FZD6_LRP5
WNT8B,FZD6_LRP6
WNT8B,FZD7_LRP5
WNT8B,FZD7_LRP6
WNT8B,FZD8_LRP5
WNT8B,FZD8_LRP6
WNT8B,FZD9_LRP5
WNT8B,FZD9_LRP6
WNT8B,SFRP1
WNT8B,SFRP2
WNT8B,SFRP4
WNT8B,SFRP5
WNT8B,WIF1
WNT9A,CER1
WNT9A,FRZB
WNT9A,FZD1_LRP5
WNT9A,FZD1_LRP6
WNT9A,FZD10_LRP5
WNT9A,FZD10_LRP6
WNT9A,FZD2_LRP5
WNT9A,FZD2_LRP6
WNT9A,FZD3_LRP5
WNT9A,FZD3_LRP6
WNT9A,FZD4_LRP5
WNT9A,FZD4_LRP6
WNT9A,FZD5_LRP5
WNT9A,FZD5_LRP6
WNT9A,FZD6_LRP5
WNT9A,FZD6_LRP6
WNT9A,FZD7_LRP5
WNT9A,FZD7_LRP6
WNT9A,FZD8_LRP5
WNT9A,FZD8_LRP6
WNT9A,FZD9_LRP5
WNT9A,FZD9_LRP6
WNT9A,SFRP1
WNT9A,SFRP2
WNT9A,SFRP4
WNT9A,SFRP5
WNT9A,WIF1
WNT9B,CER1
WNT9B,FRZB
WNT9B,FZD1_LRP5
WNT9B,FZD1_LRP6
WNT9B,FZD10_LRP5
WNT9B,FZD10_LRP6
WNT9B,FZD2_LRP5
WNT9B,FZD2_LRP6
WNT9B,FZD3_LRP5
WNT9B,FZD3_LRP6
WNT9B,FZD4_LRP5
WNT9B,FZD4_LRP6
WNT9B,FZD5_LRP5
WNT9B,FZD5_LRP6
WNT9B,FZD6_LRP5
WNT9B,FZD6_LRP6
WNT9B,FZD7_LRP5
WNT9B,FZD7_LRP6
WNT9B,FZD8_LRP5
WNT9B,FZD8_LRP6
WNT9B,FZD9_LRP5
WNT9B,FZD9_LRP6
WNT9B,SFRP1
WNT9B,SFRP2
WNT9B,SFRP4
WNT9B,SFRP5
WNT9B,WIF1
DKK1,KREMEN1_LRP6
DKK1,KREMEN2_LRP6
DKK2,KREMEN2_LRP6
INHA,ACVR1_ACVR2A
INHA,ACVR1_ACVR2B
INHA,ACVR1B_ACVR2A
INHA,ACVR1B_ACVR2B
INHA,ACVR1C_ACVR2A
INHA,ACVR1C_ACVR2B
INHA_INHBA,ACVR1_ACVR2A
INHA_INHBA,ACVR1_ACVR2B
INHA_INHBA,ACVR1B_ACVR2A
INHA_INHBA,ACVR1B_ACVR2B
INHA_INHBA,ACVR1C_ACVR2A
INHA_INHBA,ACVR1C_ACVR2B
INHA_INHBB,ACVR1_ACVR2A
INHA_INHBB,ACVR1_ACVR2B
INHA_INHBB,ACVR1B_ACVR2A
INHA_INHBB,ACVR1B_ACVR2B
INHA_INHBB,ACVR1C_ACVR2A
INHA_INHBB,ACVR1C_ACVR2B
INHBC,ACVR2A
INHBC,ACVR2B
INHBE,ACVR2A
INHBE,ACVR2B
ARTN,GFRA1_RET
ARTN,GFRA3_RET
PSPN,GFRA4_RET
ITGAV_ITGB1,ADGRE2
ITGAV_ITGB1,ADGRE5
ITGAV_ITGB3,ADGRA2
ITGAV_ITGB3,ADGRE2
ITGAV_ITGB3,ADGRE5
ITGAV_ITGB5,ADGRB1
ADIPOQ,ADIPOR1_ADIPOR2
ALB,B2M_FCGRT
ALCAM,CD6
B2M_CD1B,IL6ST
BAG6,NCR3
BST2,LILRA4
CBLN1_NRXN1,GRID2
CD1D,LILRB2
CD200,CD200R1
CD226,NECTIN2
CD24,SELP
CD248,IL6R
CD274,CD80
CD274,PDCD1
CD276,TREML2
CD320,JAML
CD34,SELL
CD34,SELP
CD40LG,CD40
CD40LG,ITGA2B_ITGB3
CD40LG,ITGA5_ITGB1
CD44,SELE
CD47,SIRPB1_TYROBP
CD48,CD244
CD52,SIGLEC10
CD55,ADGRE5
CD58,CD2
CD70,CD27
CD80,CD28
CD80,CTLA4
CD80,NGFR
CD86,CD28
CD86,CTLA4
CD93,IFNGR1
CD96,NECTIN1
CD99,PILRA
CHL1,CHL1
CHL1,L1CAM
CLCF1,CNTFR_IL6ST_LIFR
CLU,TREM2_TYROBP
CNTF,CNTFR_IL6ST_LIFR
CNTN1,MCAM
CNTN1,NRCAM
CRLF2,CRLF2_IL7R
CRTAM,CADM1
CSPG4,ITGA3_ITGB1
EPO,EPOR
ERVH48-1,SLC1A5
ESAM,ESAM
FBN1,ITGA5_ITGB1
FGFR4,TGFBR3
FLT3LG,FLT3
FSHB,FSHR
FTH1,SCARA5
FTL,SCARA5
GDNF,GFRA1_RET
GP1BA,ITGAM_ITGB2
GPHA2_GPHB5,TSHR
HEBP1,FPR3
HFE,TFRC
HGF,MET
ICOSLG,ICOS
JAG1,CD46
JAG1,VASN
JAG2,VASN
KISS1,KISS1R
KITLG,KIT
KLRB1,CLEC2D
LAIR1,LILRB4
LAMA2,ADGRG6
LCK,CD8A_CD8B
LCN2,SLC22A17
LEP,LEPR
LHB,LHCGR
LIF,IL6ST_LIFR
LRPAP1,SORT1
MADCAM1,ITGA4_ITGB7
MICA,HCST_KLRK1
MICB,HCST_KLRK1
MLN,MLNR
MMP2,ITGAV_ITGB3
MPZL1,MPZL1
MST1,MST1R
NCR3LG1,NCR3
NDP,FZD4_LRP5
NELL2,ROBO3
NSMF,GNRHR
NXNL1,BSG_SLC16A1
OMD,ITGAV_ITGB3
PDCD1LG2,PDCD1
PECAM1,CD38
PENK,GHSR
PF4,CXCR3
PI16,TNFRSF21
PLG,ITGA2B_ITGB3
PPIA,BSG
PRNP,ADGRG6
PROC,PROCR
PRXL2B,PTGFR
PTGIS,PTGIR
PTPRC,CD22
PTPRC,MRC1
PTPRD,IL1RAP
PTPRD,IL1RAPL1
PTPRS,NTRK3
QRFP,QRFPR
RBP4,STRA6
REN,ATP6AP2
RNASET2,TLR8
RTN4R,ADGRB1
SAA1,FPR2
SFTPD,ADGRE5
SIGLEC15,CD44
SPN,SIGLEC1
TGM2,ADGRG1
THPO,MPL
TPO,THRB
TRH,TRHR
TSHB,TSHR
TSLP,CRLF2_IL7R
TULP1,TYRO3
UNC5A,ADGRL3
CD177,PECAM1
CD47,SIRPA
CD47,SIRPG
DAG1,NRXN3
HLA-E,VSIR
HLA-F,VSIR
NLGN4Y,NRXN3
PVR,KIR2DL5A
SDC2,FGFR4
SEMA4D,PLXNB3
TYROBP,SIGLEC15
